dataset,domain,model,unique_id,ds,y,y_hat
synthetic_energy,energy,dummy_mean,energy_0,2024-01-10 18:00:00,12.18,14.19
synthetic_energy,energy,dummy_mean,energy_0,2024-01-10 19:00:00,12.285185434277327,14.19
synthetic_energy,energy,dummy_mean,energy_0,2024-01-10 20:00:00,12.554936490538902,14.19
synthetic_energy,energy,dummy_mean,energy_0,2024-01-10 21:00:00,12.972233047033619,14.19
synthetic_energy,energy,dummy_mean,energy_0,2024-01-10 22:00:00,13.50999999999999,14.19
synthetic_energy,energy,dummy_mean,energy_0,2024-01-10 23:00:00,14.132952387243687,14.19
synthetic_energy,energy,dummy_mean,energy_1,2024-01-10 18:00:00,13.18,15.19
synthetic_energy,energy,dummy_mean,energy_1,2024-01-10 19:00:00,13.285185434277327,15.19
synthetic_energy,energy,dummy_mean,energy_1,2024-01-10 20:00:00,13.5549364905389,15.19
synthetic_energy,energy,dummy_mean,energy_1,2024-01-10 21:00:00,13.972233047033619,15.19
synthetic_energy,energy,dummy_mean,energy_1,2024-01-10 22:00:00,14.50999999999999,15.19
synthetic_energy,energy,dummy_mean,energy_1,2024-01-10 23:00:00,15.132952387243687,15.19
synthetic_energy,energy,dummy_mean,energy_2,2024-01-10 18:00:00,14.18,16.19
synthetic_energy,energy,dummy_mean,energy_2,2024-01-10 19:00:00,14.285185434277327,16.19
synthetic_energy,energy,dummy_mean,energy_2,2024-01-10 20:00:00,14.5549364905389,16.19
synthetic_energy,energy,dummy_mean,energy_2,2024-01-10 21:00:00,14.972233047033619,16.19
synthetic_energy,energy,dummy_mean,energy_2,2024-01-10 22:00:00,15.50999999999999,16.19
synthetic_energy,energy,dummy_mean,energy_2,2024-01-10 23:00:00,16.132952387243687,16.19
synthetic_energy,energy,seasonal_naive,energy_0,2024-01-10 18:00:00,12.18,14.560000000000015
synthetic_energy,energy,seasonal_naive,energy_0,2024-01-10 19:00:00,12.285185434277327,13.93295238724371
synthetic_energy,energy,seasonal_naive,energy_0,2024-01-10 20:00:00,12.554936490538902,13.34999999999999
synthetic_energy,energy,seasonal_naive,energy_0,2024-01-10 21:00:00,12.972233047033619,12.852233047033636
synthetic_energy,energy,seasonal_naive,energy_0,2024-01-10 22:00:00,13.50999999999999,12.474936490538903
synthetic_energy,energy,seasonal_naive,energy_0,2024-01-10 23:00:00,14.132952387243687,12.245185434277328
synthetic_energy,energy,seasonal_naive,energy_1,2024-01-10 18:00:00,13.18,15.560000000000015
synthetic_energy,energy,seasonal_naive,energy_1,2024-01-10 19:00:00,13.285185434277327,14.93295238724371
synthetic_energy,energy,seasonal_naive,energy_1,2024-01-10 20:00:00,13.5549364905389,14.34999999999999
synthetic_energy,energy,seasonal_naive,energy_1,2024-01-10 21:00:00,13.972233047033619,13.852233047033636
synthetic_energy,energy,seasonal_naive,energy_1,2024-01-10 22:00:00,14.50999999999999,13.474936490538905
synthetic_energy,energy,seasonal_naive,energy_1,2024-01-10 23:00:00,15.132952387243687,13.245185434277328
synthetic_energy,energy,seasonal_naive,energy_2,2024-01-10 18:00:00,14.18,16.560000000000016
synthetic_energy,energy,seasonal_naive,energy_2,2024-01-10 19:00:00,14.285185434277327,15.93295238724371
synthetic_energy,energy,seasonal_naive,energy_2,2024-01-10 20:00:00,14.5549364905389,15.34999999999999
synthetic_energy,energy,seasonal_naive,energy_2,2024-01-10 21:00:00,14.972233047033619,14.852233047033636
synthetic_energy,energy,seasonal_naive,energy_2,2024-01-10 22:00:00,15.50999999999999,14.474936490538905
synthetic_energy,energy,seasonal_naive,energy_2,2024-01-10 23:00:00,16.132952387243687,14.245185434277328
synthetic_energy,energy,moving_average,energy_0,2024-01-10 18:00:00,12.18,14.429999999999998
synthetic_energy,energy,moving_average,energy_0,2024-01-10 19:00:00,12.285185434277327,14.429999999999998
synthetic_energy,energy,moving_average,energy_0,2024-01-10 20:00:00,12.554936490538902,14.429999999999998
synthetic_energy,energy,moving_average,energy_0,2024-01-10 21:00:00,12.972233047033619,14.429999999999998
synthetic_energy,energy,moving_average,energy_0,2024-01-10 22:00:00,13.50999999999999,14.429999999999998
synthetic_energy,energy,moving_average,energy_0,2024-01-10 23:00:00,14.132952387243687,14.429999999999998
synthetic_energy,energy,moving_average,energy_1,2024-01-10 18:00:00,13.18,15.429999999999998
synthetic_energy,energy,moving_average,energy_1,2024-01-10 19:00:00,13.285185434277327,15.429999999999998
synthetic_energy,energy,moving_average,energy_1,2024-01-10 20:00:00,13.5549364905389,15.429999999999998
synthetic_energy,energy,moving_average,energy_1,2024-01-10 21:00:00,13.972233047033619,15.429999999999998
synthetic_energy,energy,moving_average,energy_1,2024-01-10 22:00:00,14.50999999999999,15.429999999999998
synthetic_energy,energy,moving_average,energy_1,2024-01-10 23:00:00,15.132952387243687,15.429999999999998
synthetic_energy,energy,moving_average,energy_2,2024-01-10 18:00:00,14.18,16.43
synthetic_energy,energy,moving_average,energy_2,2024-01-10 19:00:00,14.285185434277327,16.43
synthetic_energy,energy,moving_average,energy_2,2024-01-10 20:00:00,14.5549364905389,16.43
synthetic_energy,energy,moving_average,energy_2,2024-01-10 21:00:00,14.972233047033619,16.43
synthetic_energy,energy,moving_average,energy_2,2024-01-10 22:00:00,15.50999999999999,16.43
synthetic_energy,energy,moving_average,energy_2,2024-01-10 23:00:00,16.132952387243687,16.43
synthetic_energy,energy,linear_trend,energy_0,2024-01-10 18:00:00,12.18,14.839574468085104
synthetic_energy,energy,linear_trend,energy_0,2024-01-10 19:00:00,12.285185434277327,14.866087711680413
synthetic_energy,energy,linear_trend,energy_0,2024-01-10 20:00:00,12.554936490538902,14.892600955275723
synthetic_energy,energy,linear_trend,energy_0,2024-01-10 21:00:00,12.972233047033619,14.919114198871034
synthetic_energy,energy,linear_trend,energy_0,2024-01-10 22:00:00,13.50999999999999,14.945627442466344
synthetic_energy,energy,linear_trend,energy_0,2024-01-10 23:00:00,14.132952387243687,14.972140686061655
synthetic_energy,energy,linear_trend,energy_1,2024-01-10 18:00:00,13.18,15.839574468085104
synthetic_energy,energy,linear_trend,energy_1,2024-01-10 19:00:00,13.285185434277327,15.866087711680414
synthetic_energy,energy,linear_trend,energy_1,2024-01-10 20:00:00,13.5549364905389,15.892600955275725
synthetic_energy,energy,linear_trend,energy_1,2024-01-10 21:00:00,13.972233047033619,15.919114198871036
synthetic_energy,energy,linear_trend,energy_1,2024-01-10 22:00:00,14.50999999999999,15.945627442466346
synthetic_energy,energy,linear_trend,energy_1,2024-01-10 23:00:00,15.132952387243687,15.972140686061657
synthetic_energy,energy,linear_trend,energy_2,2024-01-10 18:00:00,14.18,16.839574468085104
synthetic_energy,energy,linear_trend,energy_2,2024-01-10 19:00:00,14.285185434277327,16.866087711680414
synthetic_energy,energy,linear_trend,energy_2,2024-01-10 20:00:00,14.5549364905389,16.892600955275725
synthetic_energy,energy,linear_trend,energy_2,2024-01-10 21:00:00,14.972233047033619,16.919114198871036
synthetic_energy,energy,linear_trend,energy_2,2024-01-10 22:00:00,15.50999999999999,16.945627442466346
synthetic_energy,energy,linear_trend,energy_2,2024-01-10 23:00:00,16.132952387243687,16.972140686061657
synthetic_energy,energy,ridge_ar,energy_0,2024-01-10 18:00:00,12.18,12.086817247540193
synthetic_energy,energy,ridge_ar,energy_0,2024-01-10 19:00:00,12.285185434277327,12.126676977997286
synthetic_energy,energy,ridge_ar,energy_0,2024-01-10 20:00:00,12.554936490538902,12.311967351247977
synthetic_energy,energy,ridge_ar,energy_0,2024-01-10 21:00:00,12.972233047033619,12.627908743722166
synthetic_energy,energy,ridge_ar,energy_0,2024-01-10 22:00:00,13.50999999999999,13.054711690061396
synthetic_energy,energy,ridge_ar,energy_0,2024-01-10 23:00:00,14.132952387243687,13.553210533789196
synthetic_energy,energy,ridge_ar,energy_1,2024-01-10 18:00:00,13.18,13.086817247540194
synthetic_energy,energy,ridge_ar,energy_1,2024-01-10 19:00:00,13.285185434277327,13.126676977997288
synthetic_energy,energy,ridge_ar,energy_1,2024-01-10 20:00:00,13.5549364905389,13.31196735124798
synthetic_energy,energy,ridge_ar,energy_1,2024-01-10 21:00:00,13.972233047033619,13.627908743722168
synthetic_energy,energy,ridge_ar,energy_1,2024-01-10 22:00:00,14.50999999999999,14.054711690061396
synthetic_energy,energy,ridge_ar,energy_1,2024-01-10 23:00:00,15.132952387243687,14.553210533789198
synthetic_energy,energy,ridge_ar,energy_2,2024-01-10 18:00:00,14.18,14.086817247540193
synthetic_energy,energy,ridge_ar,energy_2,2024-01-10 19:00:00,14.285185434277327,14.126676977997288
synthetic_energy,energy,ridge_ar,energy_2,2024-01-10 20:00:00,14.5549364905389,14.311967351247977
synthetic_energy,energy,ridge_ar,energy_2,2024-01-10 21:00:00,14.972233047033619,14.627908743722168
synthetic_energy,energy,ridge_ar,energy_2,2024-01-10 22:00:00,15.50999999999999,15.054711690061396
synthetic_energy,energy,ridge_ar,energy_2,2024-01-10 23:00:00,16.132952387243687,15.5532105337892
synthetic_energy,energy,hist_gradient_boosting_ar,energy_0,2024-01-10 18:00:00,12.18,11.830566924774981
synthetic_energy,energy,hist_gradient_boosting_ar,energy_0,2024-01-10 19:00:00,12.285185434277327,11.837222783299966
synthetic_energy,energy,hist_gradient_boosting_ar,energy_0,2024-01-10 20:00:00,12.554936490538902,11.86263521102058
synthetic_energy,energy,hist_gradient_boosting_ar,energy_0,2024-01-10 21:00:00,12.972233047033619,12.145615731373704
synthetic_energy,energy,hist_gradient_boosting_ar,energy_0,2024-01-10 22:00:00,13.50999999999999,12.329676146652748
synthetic_energy,energy,hist_gradient_boosting_ar,energy_0,2024-01-10 23:00:00,14.132952387243687,12.711901123934618
synthetic_energy,energy,hist_gradient_boosting_ar,energy_1,2024-01-10 18:00:00,13.18,12.830566924774981
synthetic_energy,energy,hist_gradient_boosting_ar,energy_1,2024-01-10 19:00:00,13.285185434277327,12.837222783299966
synthetic_energy,energy,hist_gradient_boosting_ar,energy_1,2024-01-10 20:00:00,13.5549364905389,12.86263521102058
synthetic_energy,energy,hist_gradient_boosting_ar,energy_1,2024-01-10 21:00:00,13.972233047033619,13.145615731373704
synthetic_energy,energy,hist_gradient_boosting_ar,energy_1,2024-01-10 22:00:00,14.50999999999999,13.329676146652748
synthetic_energy,energy,hist_gradient_boosting_ar,energy_1,2024-01-10 23:00:00,15.132952387243687,13.711901123934618
synthetic_energy,energy,hist_gradient_boosting_ar,energy_2,2024-01-10 18:00:00,14.18,13.830566924774983
synthetic_energy,energy,hist_gradient_boosting_ar,energy_2,2024-01-10 19:00:00,14.285185434277327,13.837222783299968
synthetic_energy,energy,hist_gradient_boosting_ar,energy_2,2024-01-10 20:00:00,14.5549364905389,13.862635211020581
synthetic_energy,energy,hist_gradient_boosting_ar,energy_2,2024-01-10 21:00:00,14.972233047033619,14.145615731373706
synthetic_energy,energy,hist_gradient_boosting_ar,energy_2,2024-01-10 22:00:00,15.50999999999999,14.329676146652748
synthetic_energy,energy,hist_gradient_boosting_ar,energy_2,2024-01-10 23:00:00,16.132952387243687,14.71190112393462
synthetic_energy,energy,lightgbm_ar,energy_0,2024-01-10 18:00:00,12.18,11.999629327708721
synthetic_energy,energy,lightgbm_ar,energy_0,2024-01-10 19:00:00,12.285185434277327,11.748526784078138
synthetic_energy,energy,lightgbm_ar,energy_0,2024-01-10 20:00:00,12.554936490538902,11.755422758791896
synthetic_energy,energy,lightgbm_ar,energy_0,2024-01-10 21:00:00,12.972233047033619,12.090831595006048
synthetic_energy,energy,lightgbm_ar,energy_0,2024-01-10 22:00:00,13.50999999999999,12.506042032026567
synthetic_energy,energy,lightgbm_ar,energy_0,2024-01-10 23:00:00,14.132952387243687,13.031625142326735
synthetic_energy,energy,lightgbm_ar,energy_1,2024-01-10 18:00:00,13.18,12.999629327708721
synthetic_energy,energy,lightgbm_ar,energy_1,2024-01-10 19:00:00,13.285185434277327,12.748526784078138
synthetic_energy,energy,lightgbm_ar,energy_1,2024-01-10 20:00:00,13.5549364905389,12.755422758791896
synthetic_energy,energy,lightgbm_ar,energy_1,2024-01-10 21:00:00,13.972233047033619,13.090831595006048
synthetic_energy,energy,lightgbm_ar,energy_1,2024-01-10 22:00:00,14.50999999999999,13.506042032026567
synthetic_energy,energy,lightgbm_ar,energy_1,2024-01-10 23:00:00,15.132952387243687,14.031625142326735
synthetic_energy,energy,lightgbm_ar,energy_2,2024-01-10 18:00:00,14.18,13.999629327708723
synthetic_energy,energy,lightgbm_ar,energy_2,2024-01-10 19:00:00,14.285185434277327,13.74852678407814
synthetic_energy,energy,lightgbm_ar,energy_2,2024-01-10 20:00:00,14.5549364905389,13.755422758791898
synthetic_energy,energy,lightgbm_ar,energy_2,2024-01-10 21:00:00,14.972233047033619,14.090831595006048
synthetic_energy,energy,lightgbm_ar,energy_2,2024-01-10 22:00:00,15.50999999999999,14.506042032026569
synthetic_energy,energy,lightgbm_ar,energy_2,2024-01-10 23:00:00,16.132952387243687,15.031625142326737
synthetic_energy,energy,xgboost_ar,energy_0,2024-01-10 18:00:00,12.18,12.05308183660857
synthetic_energy,energy,xgboost_ar,energy_0,2024-01-10 19:00:00,12.285185434277327,11.786079439664196
synthetic_energy,energy,xgboost_ar,energy_0,2024-01-10 20:00:00,12.554936490538902,11.754546721165223
synthetic_energy,energy,xgboost_ar,energy_0,2024-01-10 21:00:00,12.972233047033619,11.85303468653785
synthetic_energy,energy,xgboost_ar,energy_0,2024-01-10 22:00:00,13.50999999999999,12.183377032069627
synthetic_energy,energy,xgboost_ar,energy_0,2024-01-10 23:00:00,14.132952387243687,12.843240875439871
synthetic_energy,energy,xgboost_ar,energy_1,2024-01-10 18:00:00,13.18,13.05308183660857
synthetic_energy,energy,xgboost_ar,energy_1,2024-01-10 19:00:00,13.285185434277327,12.786079439664196
synthetic_energy,energy,xgboost_ar,energy_1,2024-01-10 20:00:00,13.5549364905389,12.754546721165223
synthetic_energy,energy,xgboost_ar,energy_1,2024-01-10 21:00:00,13.972233047033619,12.85303468653785
synthetic_energy,energy,xgboost_ar,energy_1,2024-01-10 22:00:00,14.50999999999999,13.183377032069627
synthetic_energy,energy,xgboost_ar,energy_1,2024-01-10 23:00:00,15.132952387243687,13.843240875439871
synthetic_energy,energy,xgboost_ar,energy_2,2024-01-10 18:00:00,14.18,14.053081836608571
synthetic_energy,energy,xgboost_ar,energy_2,2024-01-10 19:00:00,14.285185434277327,13.786079439664196
synthetic_energy,energy,xgboost_ar,energy_2,2024-01-10 20:00:00,14.5549364905389,13.754546721165227
synthetic_energy,energy,xgboost_ar,energy_2,2024-01-10 21:00:00,14.972233047033619,13.853034686537852
synthetic_energy,energy,xgboost_ar,energy_2,2024-01-10 22:00:00,15.50999999999999,14.183377032069629
synthetic_energy,energy,xgboost_ar,energy_2,2024-01-10 23:00:00,16.132952387243687,14.843240875439873
synthetic_energy,energy,tabpfn_ts,energy_0,2024-01-10 18:00:00,12.18,12.210832595825195
synthetic_energy,energy,tabpfn_ts,energy_0,2024-01-10 19:00:00,12.285185434277327,12.306062698364258
synthetic_energy,energy,tabpfn_ts,energy_0,2024-01-10 20:00:00,12.554936490538902,12.567021369934082
synthetic_energy,energy,tabpfn_ts,energy_0,2024-01-10 21:00:00,12.972233047033619,12.956347465515137
synthetic_energy,energy,tabpfn_ts,energy_0,2024-01-10 22:00:00,13.50999999999999,13.467767715454102
synthetic_energy,energy,tabpfn_ts,energy_0,2024-01-10 23:00:00,14.132952387243687,14.05586051940918
synthetic_energy,energy,tabpfn_ts,energy_1,2024-01-10 18:00:00,13.18,13.210832595825195
synthetic_energy,energy,tabpfn_ts,energy_1,2024-01-10 19:00:00,13.285185434277327,13.306062698364258
synthetic_energy,energy,tabpfn_ts,energy_1,2024-01-10 20:00:00,13.5549364905389,13.567021369934082
synthetic_energy,energy,tabpfn_ts,energy_1,2024-01-10 21:00:00,13.972233047033619,13.956347465515137
synthetic_energy,energy,tabpfn_ts,energy_1,2024-01-10 22:00:00,14.50999999999999,14.467767715454102
synthetic_energy,energy,tabpfn_ts,energy_1,2024-01-10 23:00:00,15.132952387243687,15.05586051940918
synthetic_energy,energy,tabpfn_ts,energy_2,2024-01-10 18:00:00,14.18,14.210833549499512
synthetic_energy,energy,tabpfn_ts,energy_2,2024-01-10 19:00:00,14.285185434277327,14.306063652038574
synthetic_energy,energy,tabpfn_ts,energy_2,2024-01-10 20:00:00,14.5549364905389,14.567022323608398
synthetic_energy,energy,tabpfn_ts,energy_2,2024-01-10 21:00:00,14.972233047033619,14.95634937286377
synthetic_energy,energy,tabpfn_ts,energy_2,2024-01-10 22:00:00,15.50999999999999,15.467768669128418
synthetic_energy,energy,tabpfn_ts,energy_2,2024-01-10 23:00:00,16.132952387243687,16.05586051940918
stock_provided,finance,dummy_mean,0002.HK_1h,2026-03-20 10:30:00,73.55000305175781,73.45624955495198
stock_provided,finance,dummy_mean,0002.HK_1h,2026-03-20 11:30:00,73.6500015258789,73.45624955495198
stock_provided,finance,dummy_mean,0002.HK_1h,2026-03-20 12:30:00,73.55000305175781,73.45624955495198
stock_provided,finance,dummy_mean,0002.HK_1h,2026-03-20 13:30:00,73.5,73.45624955495198
stock_provided,finance,dummy_mean,0002.HK_1h,2026-03-20 14:30:00,73.6500015258789,73.45624955495198
stock_provided,finance,dummy_mean,0002.HK_1h,2026-03-20 15:30:00,73.5999984741211,73.45624955495198
stock_provided,finance,dummy_mean,0003.HK_1h,2026-03-20 10:30:00,7.349999904632568,7.383749971787135
stock_provided,finance,dummy_mean,0003.HK_1h,2026-03-20 11:30:00,7.340000152587891,7.383749971787135
stock_provided,finance,dummy_mean,0003.HK_1h,2026-03-20 12:30:00,7.349999904632568,7.383749971787135
stock_provided,finance,dummy_mean,0003.HK_1h,2026-03-20 13:30:00,7.320000171661377,7.383749971787135
stock_provided,finance,dummy_mean,0003.HK_1h,2026-03-20 14:30:00,7.329999923706055,7.383749971787135
stock_provided,finance,dummy_mean,0003.HK_1h,2026-03-20 15:30:00,7.340000152587891,7.383749971787135
stock_provided,finance,dummy_mean,0006.HK_1h,2026-03-20 10:30:00,62.0,61.797916650772095
stock_provided,finance,dummy_mean,0006.HK_1h,2026-03-20 11:30:00,62.09999847412109,61.797916650772095
stock_provided,finance,dummy_mean,0006.HK_1h,2026-03-20 12:30:00,61.95000076293945,61.797916650772095
stock_provided,finance,dummy_mean,0006.HK_1h,2026-03-20 13:30:00,61.900001525878906,61.797916650772095
stock_provided,finance,dummy_mean,0006.HK_1h,2026-03-20 14:30:00,61.900001525878906,61.797916650772095
stock_provided,finance,dummy_mean,0006.HK_1h,2026-03-20 15:30:00,61.79999923706055,61.797916650772095
stock_provided,finance,dummy_mean,0012.HK_1h,2026-03-20 10:30:00,31.780000686645508,31.62166674931844
stock_provided,finance,dummy_mean,0012.HK_1h,2026-03-20 11:30:00,31.76000022888184,31.62166674931844
stock_provided,finance,dummy_mean,0012.HK_1h,2026-03-20 12:30:00,31.5,31.62166674931844
stock_provided,finance,dummy_mean,0012.HK_1h,2026-03-20 13:30:00,31.420000076293945,31.62166674931844
stock_provided,finance,dummy_mean,0012.HK_1h,2026-03-20 14:30:00,31.34000015258789,31.62166674931844
stock_provided,finance,dummy_mean,0012.HK_1h,2026-03-20 15:30:00,31.15999984741211,31.62166674931844
stock_provided,finance,dummy_mean,0016.HK_1h,2026-03-20 10:30:00,132.39999389648438,133.65208307902017
stock_provided,finance,dummy_mean,0016.HK_1h,2026-03-20 11:30:00,132.60000610351562,133.65208307902017
stock_provided,finance,dummy_mean,0016.HK_1h,2026-03-20 12:30:00,132.39999389648438,133.65208307902017
stock_provided,finance,dummy_mean,0016.HK_1h,2026-03-20 13:30:00,132.1999969482422,133.65208307902017
stock_provided,finance,dummy_mean,0016.HK_1h,2026-03-20 14:30:00,132.60000610351562,133.65208307902017
stock_provided,finance,dummy_mean,0016.HK_1h,2026-03-20 15:30:00,132.6999969482422,133.65208307902017
stock_provided,finance,seasonal_naive,0002.HK_1h,2026-03-20 10:30:00,73.55000305175781,73.75
stock_provided,finance,seasonal_naive,0002.HK_1h,2026-03-20 11:30:00,73.6500015258789,73.5999984741211
stock_provided,finance,seasonal_naive,0002.HK_1h,2026-03-20 12:30:00,73.55000305175781,73.55000305175781
stock_provided,finance,seasonal_naive,0002.HK_1h,2026-03-20 13:30:00,73.5,73.75
stock_provided,finance,seasonal_naive,0002.HK_1h,2026-03-20 14:30:00,73.6500015258789,73.75
stock_provided,finance,seasonal_naive,0002.HK_1h,2026-03-20 15:30:00,73.5999984741211,73.5999984741211
stock_provided,finance,seasonal_naive,0003.HK_1h,2026-03-20 10:30:00,7.349999904632568,7.360000133514404
stock_provided,finance,seasonal_naive,0003.HK_1h,2026-03-20 11:30:00,7.340000152587891,7.380000114440918
stock_provided,finance,seasonal_naive,0003.HK_1h,2026-03-20 12:30:00,7.349999904632568,7.389999866485596
stock_provided,finance,seasonal_naive,0003.HK_1h,2026-03-20 13:30:00,7.320000171661377,7.389999866485596
stock_provided,finance,seasonal_naive,0003.HK_1h,2026-03-20 14:30:00,7.329999923706055,7.420000076293945
stock_provided,finance,seasonal_naive,0003.HK_1h,2026-03-20 15:30:00,7.340000152587891,7.389999866485596
stock_provided,finance,seasonal_naive,0006.HK_1h,2026-03-20 10:30:00,62.0,62.04999923706055
stock_provided,finance,seasonal_naive,0006.HK_1h,2026-03-20 11:30:00,62.09999847412109,62.400001525878906
stock_provided,finance,seasonal_naive,0006.HK_1h,2026-03-20 12:30:00,61.95000076293945,62.20000076293945
stock_provided,finance,seasonal_naive,0006.HK_1h,2026-03-20 13:30:00,61.900001525878906,62.25
stock_provided,finance,seasonal_naive,0006.HK_1h,2026-03-20 14:30:00,61.900001525878906,62.0
stock_provided,finance,seasonal_naive,0006.HK_1h,2026-03-20 15:30:00,61.79999923706055,61.900001525878906
stock_provided,finance,seasonal_naive,0012.HK_1h,2026-03-20 10:30:00,31.780000686645508,31.940000534057617
stock_provided,finance,seasonal_naive,0012.HK_1h,2026-03-20 11:30:00,31.76000022888184,31.899999618530277
stock_provided,finance,seasonal_naive,0012.HK_1h,2026-03-20 12:30:00,31.5,31.86000061035156
stock_provided,finance,seasonal_naive,0012.HK_1h,2026-03-20 13:30:00,31.420000076293945,31.8799991607666
stock_provided,finance,seasonal_naive,0012.HK_1h,2026-03-20 14:30:00,31.34000015258789,31.86000061035156
stock_provided,finance,seasonal_naive,0012.HK_1h,2026-03-20 15:30:00,31.15999984741211,31.68000030517578
stock_provided,finance,seasonal_naive,0016.HK_1h,2026-03-20 10:30:00,132.39999389648438,134.39999389648438
stock_provided,finance,seasonal_naive,0016.HK_1h,2026-03-20 11:30:00,132.60000610351562,133.5
stock_provided,finance,seasonal_naive,0016.HK_1h,2026-03-20 12:30:00,132.39999389648438,133.3000030517578
stock_provided,finance,seasonal_naive,0016.HK_1h,2026-03-20 13:30:00,132.1999969482422,132.5
stock_provided,finance,seasonal_naive,0016.HK_1h,2026-03-20 14:30:00,132.60000610351562,132.5
stock_provided,finance,seasonal_naive,0016.HK_1h,2026-03-20 15:30:00,132.6999969482422,132.3000030517578
stock_provided,finance,moving_average,0002.HK_1h,2026-03-20 10:30:00,73.55000305175781,73.61249987284343
stock_provided,finance,moving_average,0002.HK_1h,2026-03-20 11:30:00,73.6500015258789,73.61249987284343
stock_provided,finance,moving_average,0002.HK_1h,2026-03-20 12:30:00,73.55000305175781,73.61249987284343
stock_provided,finance,moving_average,0002.HK_1h,2026-03-20 13:30:00,73.5,73.61249987284343
stock_provided,finance,moving_average,0002.HK_1h,2026-03-20 14:30:00,73.6500015258789,73.61249987284343
stock_provided,finance,moving_average,0002.HK_1h,2026-03-20 15:30:00,73.5999984741211,73.61249987284343
stock_provided,finance,moving_average,0003.HK_1h,2026-03-20 10:30:00,7.349999904632568,7.31291667620341
stock_provided,finance,moving_average,0003.HK_1h,2026-03-20 11:30:00,7.340000152587891,7.31291667620341
stock_provided,finance,moving_average,0003.HK_1h,2026-03-20 12:30:00,7.349999904632568,7.31291667620341
stock_provided,finance,moving_average,0003.HK_1h,2026-03-20 13:30:00,7.320000171661377,7.31291667620341
stock_provided,finance,moving_average,0003.HK_1h,2026-03-20 14:30:00,7.329999923706055,7.31291667620341
stock_provided,finance,moving_average,0003.HK_1h,2026-03-20 15:30:00,7.340000152587891,7.31291667620341
stock_provided,finance,moving_average,0006.HK_1h,2026-03-20 10:30:00,62.0,61.87291669845581
stock_provided,finance,moving_average,0006.HK_1h,2026-03-20 11:30:00,62.09999847412109,61.87291669845581
stock_provided,finance,moving_average,0006.HK_1h,2026-03-20 12:30:00,61.95000076293945,61.87291669845581
stock_provided,finance,moving_average,0006.HK_1h,2026-03-20 13:30:00,61.900001525878906,61.87291669845581
stock_provided,finance,moving_average,0006.HK_1h,2026-03-20 14:30:00,61.900001525878906,61.87291669845581
stock_provided,finance,moving_average,0006.HK_1h,2026-03-20 15:30:00,61.79999923706055,61.87291669845581
stock_provided,finance,moving_average,0012.HK_1h,2026-03-20 10:30:00,31.780000686645508,32.04166682561239
stock_provided,finance,moving_average,0012.HK_1h,2026-03-20 11:30:00,31.76000022888184,32.04166682561239
stock_provided,finance,moving_average,0012.HK_1h,2026-03-20 12:30:00,31.5,32.04166682561239
stock_provided,finance,moving_average,0012.HK_1h,2026-03-20 13:30:00,31.420000076293945,32.04166682561239
stock_provided,finance,moving_average,0012.HK_1h,2026-03-20 14:30:00,31.34000015258789,32.04166682561239
stock_provided,finance,moving_average,0012.HK_1h,2026-03-20 15:30:00,31.15999984741211,32.04166682561239
stock_provided,finance,moving_average,0016.HK_1h,2026-03-20 10:30:00,132.39999389648438,134.5958334604899
stock_provided,finance,moving_average,0016.HK_1h,2026-03-20 11:30:00,132.60000610351562,134.5958334604899
stock_provided,finance,moving_average,0016.HK_1h,2026-03-20 12:30:00,132.39999389648438,134.5958334604899
stock_provided,finance,moving_average,0016.HK_1h,2026-03-20 13:30:00,132.1999969482422,134.5958334604899
stock_provided,finance,moving_average,0016.HK_1h,2026-03-20 14:30:00,132.60000610351562,134.5958334604899
stock_provided,finance,moving_average,0016.HK_1h,2026-03-20 15:30:00,132.6999969482422,134.5958334604899
stock_provided,finance,linear_trend,0002.HK_1h,2026-03-20 10:30:00,73.55000305175781,73.84295227510707
stock_provided,finance,linear_trend,0002.HK_1h,2026-03-20 11:30:00,73.6500015258789,73.8587360596032
stock_provided,finance,linear_trend,0002.HK_1h,2026-03-20 12:30:00,73.55000305175781,73.87451984409932
stock_provided,finance,linear_trend,0002.HK_1h,2026-03-20 13:30:00,73.5,73.89030362859545
stock_provided,finance,linear_trend,0002.HK_1h,2026-03-20 14:30:00,73.6500015258789,73.90608741309157
stock_provided,finance,linear_trend,0002.HK_1h,2026-03-20 15:30:00,73.5999984741211,73.9218711975877
stock_provided,finance,linear_trend,0003.HK_1h,2026-03-20 10:30:00,7.349999904632568,7.268404295258487
stock_provided,finance,linear_trend,0003.HK_1h,2026-03-20 11:30:00,7.340000152587891,7.2636963084614
stock_provided,finance,linear_trend,0003.HK_1h,2026-03-20 12:30:00,7.349999904632568,7.2589883216643125
stock_provided,finance,linear_trend,0003.HK_1h,2026-03-20 13:30:00,7.320000171661377,7.254280334867224
stock_provided,finance,linear_trend,0003.HK_1h,2026-03-20 14:30:00,7.329999923706055,7.249572348070137
stock_provided,finance,linear_trend,0003.HK_1h,2026-03-20 15:30:00,7.340000152587891,7.2448643612730494
stock_provided,finance,linear_trend,0006.HK_1h,2026-03-20 10:30:00,62.0,61.852571325099206
stock_provided,finance,linear_trend,0006.HK_1h,2026-03-20 11:30:00,62.09999847412109,61.85480212813296
stock_provided,finance,linear_trend,0006.HK_1h,2026-03-20 12:30:00,61.95000076293945,61.85703293116672
stock_provided,finance,linear_trend,0006.HK_1h,2026-03-20 13:30:00,61.900001525878906,61.85926373420048
stock_provided,finance,linear_trend,0006.HK_1h,2026-03-20 14:30:00,61.900001525878906,61.861494537234236
stock_provided,finance,linear_trend,0006.HK_1h,2026-03-20 15:30:00,61.79999923706055,61.863725340268
stock_provided,finance,linear_trend,0012.HK_1h,2026-03-20 10:30:00,31.780000686645508,32.15975194619901
stock_provided,finance,linear_trend,0012.HK_1h,2026-03-20 11:30:00,31.76000022888184,32.18171460729618
stock_provided,finance,linear_trend,0012.HK_1h,2026-03-20 12:30:00,31.5,32.20367726839334
stock_provided,finance,linear_trend,0012.HK_1h,2026-03-20 13:30:00,31.420000076293945,32.22563992949051
stock_provided,finance,linear_trend,0012.HK_1h,2026-03-20 14:30:00,31.34000015258789,32.247602590587675
stock_provided,finance,linear_trend,0012.HK_1h,2026-03-20 15:30:00,31.15999984741211,32.26956525168484
stock_provided,finance,linear_trend,0016.HK_1h,2026-03-20 10:30:00,132.39999389648438,134.26764312365376
stock_provided,finance,linear_trend,0016.HK_1h,2026-03-20 11:30:00,132.60000610351562,134.2927680234347
stock_provided,finance,linear_trend,0016.HK_1h,2026-03-20 12:30:00,132.39999389648438,134.31789292321565
stock_provided,finance,linear_trend,0016.HK_1h,2026-03-20 13:30:00,132.1999969482422,134.34301782299661
stock_provided,finance,linear_trend,0016.HK_1h,2026-03-20 14:30:00,132.60000610351562,134.36814272277758
stock_provided,finance,linear_trend,0016.HK_1h,2026-03-20 15:30:00,132.6999969482422,134.39326762255854
stock_provided,finance,ridge_ar,0002.HK_1h,2026-03-20 10:30:00,73.55000305175781,73.55279304616751
stock_provided,finance,ridge_ar,0002.HK_1h,2026-03-20 11:30:00,73.6500015258789,73.49088710599078
stock_provided,finance,ridge_ar,0002.HK_1h,2026-03-20 12:30:00,73.55000305175781,73.45679383344573
stock_provided,finance,ridge_ar,0002.HK_1h,2026-03-20 13:30:00,73.5,73.38228318642625
stock_provided,finance,ridge_ar,0002.HK_1h,2026-03-20 14:30:00,73.6500015258789,73.35361969939409
stock_provided,finance,ridge_ar,0002.HK_1h,2026-03-20 15:30:00,73.5999984741211,73.35775504789083
stock_provided,finance,ridge_ar,0003.HK_1h,2026-03-20 10:30:00,7.349999904632568,7.403027216142309
stock_provided,finance,ridge_ar,0003.HK_1h,2026-03-20 11:30:00,7.340000152587891,7.40582203221172
stock_provided,finance,ridge_ar,0003.HK_1h,2026-03-20 12:30:00,7.349999904632568,7.409772150892092
stock_provided,finance,ridge_ar,0003.HK_1h,2026-03-20 13:30:00,7.320000171661377,7.415402134719442
stock_provided,finance,ridge_ar,0003.HK_1h,2026-03-20 14:30:00,7.329999923706055,7.416243603977445
stock_provided,finance,ridge_ar,0003.HK_1h,2026-03-20 15:30:00,7.340000152587891,7.422357235002466
stock_provided,finance,ridge_ar,0006.HK_1h,2026-03-20 10:30:00,62.0,61.89502543563824
stock_provided,finance,ridge_ar,0006.HK_1h,2026-03-20 11:30:00,62.09999847412109,61.805193183850676
stock_provided,finance,ridge_ar,0006.HK_1h,2026-03-20 12:30:00,61.95000076293945,61.7766219087197
stock_provided,finance,ridge_ar,0006.HK_1h,2026-03-20 13:30:00,61.900001525878906,61.727712524809995
stock_provided,finance,ridge_ar,0006.HK_1h,2026-03-20 14:30:00,61.900001525878906,61.694839832688224
stock_provided,finance,ridge_ar,0006.HK_1h,2026-03-20 15:30:00,61.79999923706055,61.70741835716983
stock_provided,finance,ridge_ar,0012.HK_1h,2026-03-20 10:30:00,31.780000686645508,31.609252361042333
stock_provided,finance,ridge_ar,0012.HK_1h,2026-03-20 11:30:00,31.76000022888184,31.517103917020034
stock_provided,finance,ridge_ar,0012.HK_1h,2026-03-20 12:30:00,31.5,31.45348370210514
stock_provided,finance,ridge_ar,0012.HK_1h,2026-03-20 13:30:00,31.420000076293945,31.393803757945633
stock_provided,finance,ridge_ar,0012.HK_1h,2026-03-20 14:30:00,31.34000015258789,31.403039567145093
stock_provided,finance,ridge_ar,0012.HK_1h,2026-03-20 15:30:00,31.15999984741211,31.408466123389633
stock_provided,finance,ridge_ar,0016.HK_1h,2026-03-20 10:30:00,132.39999389648438,131.86482835440194
stock_provided,finance,ridge_ar,0016.HK_1h,2026-03-20 11:30:00,132.60000610351562,131.54349115435306
stock_provided,finance,ridge_ar,0016.HK_1h,2026-03-20 12:30:00,132.39999389648438,131.3181720452409
stock_provided,finance,ridge_ar,0016.HK_1h,2026-03-20 13:30:00,132.1999969482422,131.2263534182275
stock_provided,finance,ridge_ar,0016.HK_1h,2026-03-20 14:30:00,132.60000610351562,131.41852684186108
stock_provided,finance,ridge_ar,0016.HK_1h,2026-03-20 15:30:00,132.6999969482422,131.58353138520644
stock_provided,finance,hist_gradient_boosting_ar,0002.HK_1h,2026-03-20 10:30:00,73.55000305175781,73.53330426265583
stock_provided,finance,hist_gradient_boosting_ar,0002.HK_1h,2026-03-20 11:30:00,73.6500015258789,73.58342399631891
stock_provided,finance,hist_gradient_boosting_ar,0002.HK_1h,2026-03-20 12:30:00,73.55000305175781,73.60090434722625
stock_provided,finance,hist_gradient_boosting_ar,0002.HK_1h,2026-03-20 13:30:00,73.5,73.5856184338443
stock_provided,finance,hist_gradient_boosting_ar,0002.HK_1h,2026-03-20 14:30:00,73.6500015258789,73.54416003976692
stock_provided,finance,hist_gradient_boosting_ar,0002.HK_1h,2026-03-20 15:30:00,73.5999984741211,73.55118196239553
stock_provided,finance,hist_gradient_boosting_ar,0003.HK_1h,2026-03-20 10:30:00,7.349999904632568,7.424677899080096
stock_provided,finance,hist_gradient_boosting_ar,0003.HK_1h,2026-03-20 11:30:00,7.340000152587891,7.465032496286344
stock_provided,finance,hist_gradient_boosting_ar,0003.HK_1h,2026-03-20 12:30:00,7.349999904632568,7.505965591016518
stock_provided,finance,hist_gradient_boosting_ar,0003.HK_1h,2026-03-20 13:30:00,7.320000171661377,7.524165804993678
stock_provided,finance,hist_gradient_boosting_ar,0003.HK_1h,2026-03-20 14:30:00,7.329999923706055,7.522080329803365
stock_provided,finance,hist_gradient_boosting_ar,0003.HK_1h,2026-03-20 15:30:00,7.340000152587891,7.5225829020079376
stock_provided,finance,hist_gradient_boosting_ar,0006.HK_1h,2026-03-20 10:30:00,62.0,61.948858989421865
stock_provided,finance,hist_gradient_boosting_ar,0006.HK_1h,2026-03-20 11:30:00,62.09999847412109,61.92046462900266
stock_provided,finance,hist_gradient_boosting_ar,0006.HK_1h,2026-03-20 12:30:00,61.95000076293945,61.98835926131322
stock_provided,finance,hist_gradient_boosting_ar,0006.HK_1h,2026-03-20 13:30:00,61.900001525878906,61.94817716838702
stock_provided,finance,hist_gradient_boosting_ar,0006.HK_1h,2026-03-20 14:30:00,61.900001525878906,61.99173890233673
stock_provided,finance,hist_gradient_boosting_ar,0006.HK_1h,2026-03-20 15:30:00,61.79999923706055,61.919134311462265
stock_provided,finance,hist_gradient_boosting_ar,0012.HK_1h,2026-03-20 10:30:00,31.780000686645508,31.791807067896578
stock_provided,finance,hist_gradient_boosting_ar,0012.HK_1h,2026-03-20 11:30:00,31.76000022888184,31.869507148678963
stock_provided,finance,hist_gradient_boosting_ar,0012.HK_1h,2026-03-20 12:30:00,31.5,31.828796790217627
stock_provided,finance,hist_gradient_boosting_ar,0012.HK_1h,2026-03-20 13:30:00,31.420000076293945,31.841164868501433
stock_provided,finance,hist_gradient_boosting_ar,0012.HK_1h,2026-03-20 14:30:00,31.34000015258789,31.78322834930694
stock_provided,finance,hist_gradient_boosting_ar,0012.HK_1h,2026-03-20 15:30:00,31.15999984741211,31.762120039758653
stock_provided,finance,hist_gradient_boosting_ar,0016.HK_1h,2026-03-20 10:30:00,132.39999389648438,131.91162634000705
stock_provided,finance,hist_gradient_boosting_ar,0016.HK_1h,2026-03-20 11:30:00,132.60000610351562,131.91162634000705
stock_provided,finance,hist_gradient_boosting_ar,0016.HK_1h,2026-03-20 12:30:00,132.39999389648438,131.48279178767683
stock_provided,finance,hist_gradient_boosting_ar,0016.HK_1h,2026-03-20 13:30:00,132.1999969482422,131.16754311326565
stock_provided,finance,hist_gradient_boosting_ar,0016.HK_1h,2026-03-20 14:30:00,132.60000610351562,130.9397378254841
stock_provided,finance,hist_gradient_boosting_ar,0016.HK_1h,2026-03-20 15:30:00,132.6999969482422,130.76937082808126
stock_provided,finance,lightgbm_ar,0002.HK_1h,2026-03-20 10:30:00,73.55000305175781,73.4397157165668
stock_provided,finance,lightgbm_ar,0002.HK_1h,2026-03-20 11:30:00,73.6500015258789,73.51372021141704
stock_provided,finance,lightgbm_ar,0002.HK_1h,2026-03-20 12:30:00,73.55000305175781,73.64837316107773
stock_provided,finance,lightgbm_ar,0002.HK_1h,2026-03-20 13:30:00,73.5,73.69491391067771
stock_provided,finance,lightgbm_ar,0002.HK_1h,2026-03-20 14:30:00,73.6500015258789,73.67324675452568
stock_provided,finance,lightgbm_ar,0002.HK_1h,2026-03-20 15:30:00,73.5999984741211,73.60260761617869
stock_provided,finance,lightgbm_ar,0003.HK_1h,2026-03-20 10:30:00,7.349999904632568,7.439290453495898
stock_provided,finance,lightgbm_ar,0003.HK_1h,2026-03-20 11:30:00,7.340000152587891,7.4901562005597295
stock_provided,finance,lightgbm_ar,0003.HK_1h,2026-03-20 12:30:00,7.349999904632568,7.5033156593342
stock_provided,finance,lightgbm_ar,0003.HK_1h,2026-03-20 13:30:00,7.320000171661377,7.482135744369461
stock_provided,finance,lightgbm_ar,0003.HK_1h,2026-03-20 14:30:00,7.329999923706055,7.512918660693276
stock_provided,finance,lightgbm_ar,0003.HK_1h,2026-03-20 15:30:00,7.340000152587891,7.548031583287503
stock_provided,finance,lightgbm_ar,0006.HK_1h,2026-03-20 10:30:00,62.0,62.013528839018704
stock_provided,finance,lightgbm_ar,0006.HK_1h,2026-03-20 11:30:00,62.09999847412109,61.9956543062554
stock_provided,finance,lightgbm_ar,0006.HK_1h,2026-03-20 12:30:00,61.95000076293945,62.05324534022822
stock_provided,finance,lightgbm_ar,0006.HK_1h,2026-03-20 13:30:00,61.900001525878906,62.14811203414021
stock_provided,finance,lightgbm_ar,0006.HK_1h,2026-03-20 14:30:00,61.900001525878906,62.02842816019008
stock_provided,finance,lightgbm_ar,0006.HK_1h,2026-03-20 15:30:00,61.79999923706055,61.90484728696152
stock_provided,finance,lightgbm_ar,0012.HK_1h,2026-03-20 10:30:00,31.780000686645508,31.840920921896615
stock_provided,finance,lightgbm_ar,0012.HK_1h,2026-03-20 11:30:00,31.76000022888184,31.911392910508667
stock_provided,finance,lightgbm_ar,0012.HK_1h,2026-03-20 12:30:00,31.5,32.006344527857806
stock_provided,finance,lightgbm_ar,0012.HK_1h,2026-03-20 13:30:00,31.420000076293945,31.91056279714641
stock_provided,finance,lightgbm_ar,0012.HK_1h,2026-03-20 14:30:00,31.34000015258789,31.842865342815756
stock_provided,finance,lightgbm_ar,0012.HK_1h,2026-03-20 15:30:00,31.15999984741211,31.752603503082522
stock_provided,finance,lightgbm_ar,0016.HK_1h,2026-03-20 10:30:00,132.39999389648438,132.43034863654458
stock_provided,finance,lightgbm_ar,0016.HK_1h,2026-03-20 11:30:00,132.60000610351562,131.94700690630006
stock_provided,finance,lightgbm_ar,0016.HK_1h,2026-03-20 12:30:00,132.39999389648438,131.39376786461796
stock_provided,finance,lightgbm_ar,0016.HK_1h,2026-03-20 13:30:00,132.1999969482422,131.50864039707946
stock_provided,finance,lightgbm_ar,0016.HK_1h,2026-03-20 14:30:00,132.60000610351562,131.86760767586102
stock_provided,finance,lightgbm_ar,0016.HK_1h,2026-03-20 15:30:00,132.6999969482422,132.12336342066527
stock_provided,finance,xgboost_ar,0002.HK_1h,2026-03-20 10:30:00,73.55000305175781,73.52235998302778
stock_provided,finance,xgboost_ar,0002.HK_1h,2026-03-20 11:30:00,73.6500015258789,73.52265421607113
stock_provided,finance,xgboost_ar,0002.HK_1h,2026-03-20 12:30:00,73.55000305175781,73.55359775382627
stock_provided,finance,xgboost_ar,0002.HK_1h,2026-03-20 13:30:00,73.5,73.66267985687543
stock_provided,finance,xgboost_ar,0002.HK_1h,2026-03-20 14:30:00,73.6500015258789,73.67698867227662
stock_provided,finance,xgboost_ar,0002.HK_1h,2026-03-20 15:30:00,73.5999984741211,73.64330477530098
stock_provided,finance,xgboost_ar,0003.HK_1h,2026-03-20 10:30:00,7.349999904632568,7.422167930694911
stock_provided,finance,xgboost_ar,0003.HK_1h,2026-03-20 11:30:00,7.340000152587891,7.465491535901106
stock_provided,finance,xgboost_ar,0003.HK_1h,2026-03-20 12:30:00,7.349999904632568,7.504005877779817
stock_provided,finance,xgboost_ar,0003.HK_1h,2026-03-20 13:30:00,7.320000171661377,7.4988770738370425
stock_provided,finance,xgboost_ar,0003.HK_1h,2026-03-20 14:30:00,7.329999923706055,7.478104792369682
stock_provided,finance,xgboost_ar,0003.HK_1h,2026-03-20 15:30:00,7.340000152587891,7.501476428210558
stock_provided,finance,xgboost_ar,0006.HK_1h,2026-03-20 10:30:00,62.0,61.98315869711028
stock_provided,finance,xgboost_ar,0006.HK_1h,2026-03-20 11:30:00,62.09999847412109,61.99205838157279
stock_provided,finance,xgboost_ar,0006.HK_1h,2026-03-20 12:30:00,61.95000076293945,62.1094573585906
stock_provided,finance,xgboost_ar,0006.HK_1h,2026-03-20 13:30:00,61.900001525878906,62.08339457372429
stock_provided,finance,xgboost_ar,0006.HK_1h,2026-03-20 14:30:00,61.900001525878906,61.98081276013963
stock_provided,finance,xgboost_ar,0006.HK_1h,2026-03-20 15:30:00,61.79999923706055,62.01048885175698
stock_provided,finance,xgboost_ar,0012.HK_1h,2026-03-20 10:30:00,31.780000686645508,31.7283249988712
stock_provided,finance,xgboost_ar,0012.HK_1h,2026-03-20 11:30:00,31.76000022888184,31.774614122228538
stock_provided,finance,xgboost_ar,0012.HK_1h,2026-03-20 12:30:00,31.5,31.89157458273531
stock_provided,finance,xgboost_ar,0012.HK_1h,2026-03-20 13:30:00,31.420000076293945,31.923231584158664
stock_provided,finance,xgboost_ar,0012.HK_1h,2026-03-20 14:30:00,31.34000015258789,31.88074662898456
stock_provided,finance,xgboost_ar,0012.HK_1h,2026-03-20 15:30:00,31.15999984741211,31.824180593630572
stock_provided,finance,xgboost_ar,0016.HK_1h,2026-03-20 10:30:00,132.39999389648438,132.85892183160692
stock_provided,finance,xgboost_ar,0016.HK_1h,2026-03-20 11:30:00,132.60000610351562,132.50496608242503
stock_provided,finance,xgboost_ar,0016.HK_1h,2026-03-20 12:30:00,132.39999389648438,132.37488913008775
stock_provided,finance,xgboost_ar,0016.HK_1h,2026-03-20 13:30:00,132.1999969482422,132.07095955163834
stock_provided,finance,xgboost_ar,0016.HK_1h,2026-03-20 14:30:00,132.60000610351562,132.67901869221134
stock_provided,finance,xgboost_ar,0016.HK_1h,2026-03-20 15:30:00,132.6999969482422,132.762895463265
stock_provided,finance,tabpfn_ts,0002.HK_1h,2026-03-20 10:30:00,73.55000305175781,73.64598083496094
stock_provided,finance,tabpfn_ts,0002.HK_1h,2026-03-20 11:30:00,73.6500015258789,73.64936828613281
stock_provided,finance,tabpfn_ts,0002.HK_1h,2026-03-20 12:30:00,73.55000305175781,73.65333557128906
stock_provided,finance,tabpfn_ts,0002.HK_1h,2026-03-20 13:30:00,73.5,73.66104888916016
stock_provided,finance,tabpfn_ts,0002.HK_1h,2026-03-20 14:30:00,73.6500015258789,73.6679458618164
stock_provided,finance,tabpfn_ts,0002.HK_1h,2026-03-20 15:30:00,73.5999984741211,73.67330169677734
stock_provided,finance,tabpfn_ts,0003.HK_1h,2026-03-20 10:30:00,7.349999904632568,7.405287742614746
stock_provided,finance,tabpfn_ts,0003.HK_1h,2026-03-20 11:30:00,7.340000152587891,7.406339645385742
stock_provided,finance,tabpfn_ts,0003.HK_1h,2026-03-20 12:30:00,7.349999904632568,7.406955718994141
stock_provided,finance,tabpfn_ts,0003.HK_1h,2026-03-20 13:30:00,7.320000171661377,7.407610893249512
stock_provided,finance,tabpfn_ts,0003.HK_1h,2026-03-20 14:30:00,7.329999923706055,7.408135890960693
stock_provided,finance,tabpfn_ts,0003.HK_1h,2026-03-20 15:30:00,7.340000152587891,7.407900810241699
stock_provided,finance,tabpfn_ts,0006.HK_1h,2026-03-20 10:30:00,62.0,61.98093795776367
stock_provided,finance,tabpfn_ts,0006.HK_1h,2026-03-20 11:30:00,62.09999847412109,62.00508117675781
stock_provided,finance,tabpfn_ts,0006.HK_1h,2026-03-20 12:30:00,61.95000076293945,62.017269134521484
stock_provided,finance,tabpfn_ts,0006.HK_1h,2026-03-20 13:30:00,61.900001525878906,62.02617263793945
stock_provided,finance,tabpfn_ts,0006.HK_1h,2026-03-20 14:30:00,61.900001525878906,62.01964569091797
stock_provided,finance,tabpfn_ts,0006.HK_1h,2026-03-20 15:30:00,61.79999923706055,61.9964714050293
stock_provided,finance,tabpfn_ts,0012.HK_1h,2026-03-20 10:30:00,31.780000686645508,31.69999885559082
stock_provided,finance,tabpfn_ts,0012.HK_1h,2026-03-20 11:30:00,31.76000022888184,31.69937515258789
stock_provided,finance,tabpfn_ts,0012.HK_1h,2026-03-20 12:30:00,31.5,31.693931579589844
stock_provided,finance,tabpfn_ts,0012.HK_1h,2026-03-20 13:30:00,31.420000076293945,31.691469192504883
stock_provided,finance,tabpfn_ts,0012.HK_1h,2026-03-20 14:30:00,31.34000015258789,31.689308166503906
stock_provided,finance,tabpfn_ts,0012.HK_1h,2026-03-20 15:30:00,31.15999984741211,31.6835880279541
stock_provided,finance,tabpfn_ts,0016.HK_1h,2026-03-20 10:30:00,132.39999389648438,132.2649383544922
stock_provided,finance,tabpfn_ts,0016.HK_1h,2026-03-20 11:30:00,132.60000610351562,132.17105102539062
stock_provided,finance,tabpfn_ts,0016.HK_1h,2026-03-20 12:30:00,132.39999389648438,132.10025024414062
stock_provided,finance,tabpfn_ts,0016.HK_1h,2026-03-20 13:30:00,132.1999969482422,132.0363311767578
stock_provided,finance,tabpfn_ts,0016.HK_1h,2026-03-20 14:30:00,132.60000610351562,131.99111938476562
stock_provided,finance,tabpfn_ts,0016.HK_1h,2026-03-20 15:30:00,132.6999969482422,131.9317626953125
