model,mean,std,count,rank
tabpfn_ts,1.4389401675027365,1.3502108302896596,25,1
lightgbm_ar,2.3851679105399124,2.9600006361692994,25,2
xgboost_ar,2.388141793850419,2.761015630168513,25,3
hist_gradient_boosting_ar,2.6353851301629936,3.2030952106473216,25,4
ridge_ar,3.5996971644947298,7.658822040404869,25,5
moving_average,8.13132554425872,6.603381755921183,25,6
seasonal_naive,9.065572235248665,10.988391077240795,25,7
linear_trend,11.210947477575376,11.01693232928731,25,8
dummy_mean,13.276112239264501,9.283167960146416,25,9
