model,horizon,context_length,mse,mae,rmse,smape,wape,mase,train_time_s,inference_time_s,gpu_memory_mb
xgboost_ar,12.0,192.0,0.016025406685796738,0.09024174189756821,0.11902987701937644,0.5926245896038262,0.5599833851676127,0.4023780486213952,0.23108481238596137,0.01995837399736042,0.0
hist_gradient_boosting_ar,12.0,192.0,0.02745854264073706,0.10817955517875796,0.13526742182243107,0.625554515308101,0.6064379058735152,0.40162452503794155,0.3023636104073375,0.08043497940525408,0.0
tabpfn_ts,12.0,192.0,0.058672683785009415,0.15523664710601348,0.19079947857908533,0.6649984356965899,0.6497114455938273,0.42311716115770437,0.0,1.6971339215058834,0.0
lightgbm_ar,12.0,192.0,0.04480626693721628,0.12198867475424761,0.15507879882231443,0.6897722466144949,0.6401757036885829,0.3918270110444723,0.2960067562293261,0.0160484760534018,0.0
moving_average,12.0,192.0,9.26726011433944,1.7234098894535776,1.8899180185816653,7.5714768087934585,7.896063456722912,3.298367792782846,0.0003000739961862,0.00264882352203124,0.0
ridge_ar,12.0,192.0,251.5164904973451,2.538671034893697,7.387660032109014,8.69163871722722,45.352940977006,52.78907752856983,0.012735890503972702,0.006830716412514421,0.0
linear_trend,12.0,192.0,13.34197462296614,2.5576838251204084,2.719377967743567,11.756651614412853,11.529614303540155,7.274517078644375,0.00030777393840250003,0.0028912960086017398,0.0
seasonal_naive,12.0,192.0,31.470607730886588,2.99791045661455,3.3421684687011477,11.915736126270682,13.596669161828576,4.250237790812909,0.00034333639778192,0.0026967828162014,0.0
dummy_mean,12.0,192.0,8.509213418954783,2.1608591754009665,2.3481907944047165,12.767157929592523,11.985197683123513,9.981170824407759,0.00043197493068868,0.00269184843637046,0.0
