model,mean_smape,std_smape,avg_rank,std_rank,median_rank,wins,top3,inference_time_s
tabpfn_ts,1.4389401675027365,1.3502108302896596,2.44,1.3564659966250536,2.0,7,19,1.6351496984343976
lightgbm_ar,2.3851679105399124,2.9600006361692994,3.28,1.5416441439796236,3.0,4,13,0.021478637512773225
ridge_ar,3.5996971644947298,7.6588220404048695,3.4,2.3804761428476167,3.0,9,14,0.008501411210745524
hist_gradient_boosting_ar,2.6353851301629936,3.2030952106473216,3.92,1.6051998837112675,4.0,2,9,0.1173197114374488
xgboost_ar,2.388141793850419,2.761015630168513,4.04,1.7672954855748748,4.0,2,11,0.023295316165313076
linear_trend,11.210947477575376,11.016932329287307,6.48,2.785677655436824,8.0,1,6,0.0028862841892987002
moving_average,8.13132554425872,6.603381755921182,6.68,0.9882644720249062,7.0,0,0,0.002642612205818236
seasonal_naive,9.065572235248665,10.988391077240795,6.96,1.7435595774162693,7.0,0,2,0.0026869715005158877
dummy_mean,13.2761122392645,9.283167960146415,7.8,1.732050807568877,9.0,0,1,0.0027630899287759804
