task,matrix_run,scenario,context,horizon,dataset,model,smape,mae,rmse,mase,inference_time_s,rank,model_short
full_benchmark_v1_c192_h12_s2|stock_provided,full_benchmark_v1_c192_h12_s2,c192/h12,192,12,stock_provided,dummy_mean,2.0187825114316027,0.7134892617662724,0.8959499201930899,0.2431509067933696,0.0025920821353793,9,Mean
full_benchmark_v1_c192_h12_s2|stock_provided,full_benchmark_v1_c192_h12_s2,c192/h12,192,12,stock_provided,hist_gradient_boosting_ar,0.5598141006422465,0.1841670722404999,0.243455627112723,0.0627625291877579,0.0758591541089117,6,HistGBR
full_benchmark_v1_c192_h12_s2|stock_provided,full_benchmark_v1_c192_h12_s2,c192/h12,192,12,stock_provided,lightgbm_ar,0.6455481721917142,0.1607923840427088,0.2264314108914448,0.0547966396700443,0.0148917080368846,7,LightGBM
full_benchmark_v1_c192_h12_s2|stock_provided,full_benchmark_v1_c192_h12_s2,c192/h12,192,12,stock_provided,linear_trend,0.4623363590267423,0.2295894548943601,0.3129490405270084,0.0782420803496919,0.0026782660279423,4,Trend
full_benchmark_v1_c192_h12_s2|stock_provided,full_benchmark_v1_c192_h12_s2,c192/h12,192,12,stock_provided,moving_average,0.4950154281476915,0.097292145093282,0.1215574567121926,0.0331563130252872,0.0024798992089927,5,MovingAvg
full_benchmark_v1_c192_h12_s2|stock_provided,full_benchmark_v1_c192_h12_s2,c192/h12,192,12,stock_provided,ridge_ar,0.3206024855254233,0.0903293563316981,0.1226145429117096,0.0307834554478673,0.006321582943201,1,Ridge-AR
full_benchmark_v1_c192_h12_s2|stock_provided,full_benchmark_v1_c192_h12_s2,c192/h12,192,12,stock_provided,seasonal_naive,0.8206790850960677,0.2158334056536356,0.3118088907710827,0.0735541389523733,0.0026268260553479,8,Seasonal
full_benchmark_v1_c192_h12_s2|stock_provided,full_benchmark_v1_c192_h12_s2,c192/h12,192,12,stock_provided,tabpfn_ts,0.3306829132959277,0.11859659353892,0.1620654741154621,0.0404166829227481,1.6667901112232355,2,TabPFN-TS
full_benchmark_v1_c192_h12_s2|stock_provided,full_benchmark_v1_c192_h12_s2,c192/h12,192,12,stock_provided,xgboost_ar,0.401058724027037,0.1050778245344771,0.1563415875807466,0.0358096045568831,0.0213376791216433,3,XGBoost
full_benchmark_v1_c192_h12_s2|synthetic_energy,full_benchmark_v1_c192_h12_s2,c192/h12,192,12,synthetic_energy,dummy_mean,5.084481174159828,0.692510584910182,0.8962849409538248,1.5781054781418489,0.0027898680418729,6,Mean
full_benchmark_v1_c192_h12_s2|synthetic_energy,full_benchmark_v1_c192_h12_s2,c192/h12,192,12,synthetic_energy,hist_gradient_boosting_ar,0.350637159535289,0.0489174602950599,0.0616093759134275,0.1114739814098767,0.0922359619289636,4,HistGBR
full_benchmark_v1_c192_h12_s2|synthetic_energy,full_benchmark_v1_c192_h12_s2,c192/h12,192,12,synthetic_energy,lightgbm_ar,0.2531931053191772,0.0342090715508084,0.0399124743113986,0.0779562426810836,0.0175680760294199,1,LightGBM
full_benchmark_v1_c192_h12_s2|synthetic_energy,full_benchmark_v1_c192_h12_s2,c192/h12,192,12,synthetic_energy,linear_trend,13.217160769423757,1.897710792106592,2.0560075412532317,4.324537216049544,0.0027616878505796,8,Trend
full_benchmark_v1_c192_h12_s2|synthetic_energy,full_benchmark_v1_c192_h12_s2,c192/h12,192,12,synthetic_energy,moving_average,9.051869130376115,1.2641154401510788,1.445114035046445,2.880688822055838,0.0024199930485337,7,MovingAvg
full_benchmark_v1_c192_h12_s2|synthetic_energy,full_benchmark_v1_c192_h12_s2,c192/h12,192,12,synthetic_energy,ridge_ar,0.2715592554670435,0.0375016744798975,0.0514995241481677,0.0854594849895247,0.0063240739982575,3,Ridge-AR
full_benchmark_v1_c192_h12_s2|synthetic_energy,full_benchmark_v1_c192_h12_s2,c192/h12,192,12,synthetic_energy,seasonal_naive,19.71025191347567,2.9648975469688175,3.322416165602225,6.75646143604819,0.0023749170359224,9,Seasonal
full_benchmark_v1_c192_h12_s2|synthetic_energy,full_benchmark_v1_c192_h12_s2,c192/h12,192,12,synthetic_energy,tabpfn_ts,0.2654374475648033,0.036228715095904,0.0468773846473682,0.0825586424304283,2.268928196048364,2,TabPFN-TS
full_benchmark_v1_c192_h12_s2|synthetic_energy,full_benchmark_v1_c192_h12_s2,c192/h12,192,12,synthetic_energy,xgboost_ar,0.5918825649309121,0.0803130331774731,0.0957135238677515,0.1830187731209867,0.0191952129825949,5,XGBoost
full_benchmark_v1_c192_h12_s2|synthetic_exchange,full_benchmark_v1_c192_h12_s2,c192/h12,192,12,synthetic_exchange,dummy_mean,21.87608938209025,1.014787790116879,1.0164180177978197,23.169430533533166,0.0024216030724346,8,Mean
full_benchmark_v1_c192_h12_s2|synthetic_exchange,full_benchmark_v1_c192_h12_s2,c192/h12,192,12,synthetic_exchange,hist_gradient_boosting_ar,1.3292562163823658,0.068234542818447,0.08186148061913,1.55791734510061,0.0761352689005434,5,HistGBR
full_benchmark_v1_c192_h12_s2|synthetic_exchange,full_benchmark_v1_c192_h12_s2,c192/h12,192,12,synthetic_exchange,lightgbm_ar,1.2589703058349675,0.0646565089020835,0.0769844227789814,1.476224395028496,0.0146690891124308,4,LightGBM
full_benchmark_v1_c192_h12_s2|synthetic_exchange,full_benchmark_v1_c192_h12_s2,c192/h12,192,12,synthetic_exchange,linear_trend,1.033516374102078,0.0531985787606239,0.0583110897086266,1.214619240673959,0.002714707981795,2,Trend
full_benchmark_v1_c192_h12_s2|synthetic_exchange,full_benchmark_v1_c192_h12_s2,c192/h12,192,12,synthetic_exchange,moving_average,3.449753047286672,0.1747877901168785,0.1840165740027041,3.990719636818217,0.0025439530145376,7,MovingAvg
full_benchmark_v1_c192_h12_s2|synthetic_exchange,full_benchmark_v1_c192_h12_s2,c192/h12,192,12,synthetic_exchange,ridge_ar,38.21571644757571,11.402760937826864,35.449740373237006,260.3455422034947,0.0064638790208846,9,Ridge-AR
full_benchmark_v1_c192_h12_s2|synthetic_exchange,full_benchmark_v1_c192_h12_s2,c192/h12,192,12,synthetic_exchange,seasonal_naive,2.480094578193108,0.1258775468571698,0.1547896318936603,2.8740108090016045,0.0025947079993784,6,Seasonal
full_benchmark_v1_c192_h12_s2|synthetic_exchange,full_benchmark_v1_c192_h12_s2,c192/h12,192,12,synthetic_exchange,tabpfn_ts,0.302190623579932,0.0155861075342711,0.0191556795844931,0.3558588695296391,1.3536810190416873,1,TabPFN-TS
full_benchmark_v1_c192_h12_s2|synthetic_exchange,full_benchmark_v1_c192_h12_s2,c192/h12,192,12,synthetic_exchange,xgboost_ar,1.154265713979158,0.059307890860426,0.0745575151814745,1.3541058246500408,0.0162544909399002,3,XGBoost
full_benchmark_v1_c192_h12_s2|synthetic_traffic,full_benchmark_v1_c192_h12_s2,c192/h12,192,12,synthetic_traffic,dummy_mean,13.562372436628326,3.852426286169464,4.38276246499754,2.7788432453433196,0.0024522899184376,6,Mean
full_benchmark_v1_c192_h12_s2|synthetic_traffic,full_benchmark_v1_c192_h12_s2,c192/h12,192,12,synthetic_traffic,hist_gradient_boosting_ar,0.783096691525508,0.2148062950728381,0.2579435539655278,0.1549446966093416,0.0757744640577584,2,HistGBR
full_benchmark_v1_c192_h12_s2|synthetic_traffic,full_benchmark_v1_c192_h12_s2,c192/h12,192,12,synthetic_traffic,lightgbm_ar,1.1917190121158974,0.3268737426197035,0.4056379133110772,0.2357815112569028,0.015122463228181,3,LightGBM
full_benchmark_v1_c192_h12_s2|synthetic_traffic,full_benchmark_v1_c192_h12_s2,c192/h12,192,12,synthetic_traffic,linear_trend,17.352213011733042,5.059695612486453,5.608676756288641,3.649674239511905,0.0027393351774662,7,Trend
full_benchmark_v1_c192_h12_s2|synthetic_traffic,full_benchmark_v1_c192_h12_s2,c192/h12,192,12,synthetic_traffic,moving_average,20.197058809936298,6.005069414710101,6.547854381383332,4.331593998512883,0.0025020751636475,8,MovingAvg
full_benchmark_v1_c192_h12_s2|synthetic_traffic,full_benchmark_v1_c192_h12_s2,c192/h12,192,12,synthetic_traffic,ridge_ar,1.9719982609063664,0.5276044374480854,0.5655995717217794,0.3805731552812068,0.0063500830437988,5,Ridge-AR
full_benchmark_v1_c192_h12_s2|synthetic_traffic,full_benchmark_v1_c192_h12_s2,c192/h12,192,12,synthetic_traffic,seasonal_naive,33.36854075582463,10.933688035204916,12.060315129840252,7.886719403924173,0.0024486379697918,9,Seasonal
full_benchmark_v1_c192_h12_s2|synthetic_traffic,full_benchmark_v1_c192_h12_s2,c192/h12,192,12,synthetic_traffic,tabpfn_ts,1.1965261731909678,0.3176447510879286,0.3398280274901668,0.2291244284539237,1.821217142045498,4,TabPFN-TS
full_benchmark_v1_c192_h12_s2|synthetic_traffic,full_benchmark_v1_c192_h12_s2,c192/h12,192,12,synthetic_traffic,xgboost_ar,0.5157933929727003,0.1368683658978507,0.1838084860992027,0.0987262846382961,0.0228569239843636,1,XGBoost
full_benchmark_v1_c192_h12_s2|synthetic_weather,full_benchmark_v1_c192_h12_s2,c192/h12,192,12,synthetic_weather,dummy_mean,21.294064143652612,4.531081954042036,4.549538628081308,22.136323958227088,0.0032033990137279,8,Mean
full_benchmark_v1_c192_h12_s2|synthetic_weather,full_benchmark_v1_c192_h12_s2,c192/h12,192,12,synthetic_weather,hist_gradient_boosting_ar,0.1049684084550958,0.0247724054669449,0.031467071501347,0.1210240728821214,0.0821700480300933,2,HistGBR
full_benchmark_v1_c192_h12_s2|synthetic_weather,full_benchmark_v1_c192_h12_s2,c192/h12,192,12,synthetic_weather,lightgbm_ar,0.099430637610718,0.023411666655934,0.0264277728186702,0.114376266585835,0.0179910438600927,1,LightGBM
full_benchmark_v1_c192_h12_s2|synthetic_weather,full_benchmark_v1_c192_h12_s2,c192/h12,192,12,synthetic_weather,linear_trend,26.718031557778648,5.548224687354012,5.560945410940328,27.105512616636773,0.0035624830052256,9,Trend
full_benchmark_v1_c192_h12_s2|synthetic_weather,full_benchmark_v1_c192_h12_s2,c192/h12,192,12,synthetic_weather,moving_average,4.663687628220516,1.0757846571965493,1.1510476457636531,5.2556801935020045,0.0032981971744447,7,MovingAvg
full_benchmark_v1_c192_h12_s2|synthetic_weather,full_benchmark_v1_c192_h12_s2,c192/h12,192,12,synthetic_weather,ridge_ar,2.6783171366615455,0.6351587683819412,0.7488461485264053,3.1030293436358214,0.0086939630564302,5,Ridge-AR
full_benchmark_v1_c192_h12_s2|synthetic_weather,full_benchmark_v1_c192_h12_s2,c192/h12,192,12,synthetic_weather,seasonal_naive,3.1991142987639267,0.7492557483882099,0.8615125253985197,3.660443166138201,0.0034388250205665,6,Seasonal
full_benchmark_v1_c192_h12_s2|synthetic_weather,full_benchmark_v1_c192_h12_s2,c192/h12,192,12,synthetic_weather,tabpfn_ts,1.230155020851319,0.2881270682730437,0.3860708270579365,1.4076271824517828,1.3750531391706318,4,TabPFN-TS
full_benchmark_v1_c192_h12_s2|synthetic_weather,full_benchmark_v1_c192_h12_s2,c192/h12,192,12,synthetic_weather,xgboost_ar,0.3001225521093237,0.0696415950176142,0.0847282723677069,0.3402297561407695,0.0201475629583001,3,XGBoost
full_benchmark_v1_c192_h24_s2|stock_provided,full_benchmark_v1_c192_h24_s2,c192/h24,192,24,stock_provided,dummy_mean,2.3221516289857265,0.7007810908059303,0.8676365612719905,0.4707261461864323,0.0028257488738745,9,Mean
full_benchmark_v1_c192_h24_s2|stock_provided,full_benchmark_v1_c192_h24_s2,c192/h24,192,24,stock_provided,hist_gradient_boosting_ar,0.7173248235475688,0.3256994761762308,0.4668441698071861,0.2187776771474488,0.1884871751535684,3,HistGBR
full_benchmark_v1_c192_h24_s2|stock_provided,full_benchmark_v1_c192_h24_s2,c192/h24,192,24,stock_provided,lightgbm_ar,0.6859272245411854,0.2903519991277037,0.425001609150052,0.19503419738356,0.0306292818859219,2,LightGBM
full_benchmark_v1_c192_h24_s2|stock_provided,full_benchmark_v1_c192_h24_s2,c192/h24,192,24,stock_provided,linear_trend,1.0907116011987803,0.2123970008657925,0.265570590383355,0.1426705471806157,0.0027051949873566,6,Trend
full_benchmark_v1_c192_h24_s2|stock_provided,full_benchmark_v1_c192_h24_s2,c192/h24,192,24,stock_provided,moving_average,0.8676134926840176,0.2536288971702237,0.3555604155672116,0.1703666878185178,0.0025262359995394,5,MovingAvg
full_benchmark_v1_c192_h24_s2|stock_provided,full_benchmark_v1_c192_h24_s2,c192/h24,192,24,stock_provided,ridge_ar,0.8463658617854851,0.4480019356865788,0.6474727994539692,0.3009302440328067,0.0099161339458078,4,Ridge-AR
full_benchmark_v1_c192_h24_s2|stock_provided,full_benchmark_v1_c192_h24_s2,c192/h24,192,24,stock_provided,seasonal_naive,1.1398147259788458,0.2695838212966919,0.3519947862266513,0.18108387189395,0.0027531799860298,7,Seasonal
full_benchmark_v1_c192_h24_s2|stock_provided,full_benchmark_v1_c192_h24_s2,c192/h24,192,24,stock_provided,tabpfn_ts,0.5878796163684893,0.2777103284994761,0.4179219284634879,0.1865425799951112,1.1335679080802947,1,TabPFN-TS
full_benchmark_v1_c192_h24_s2|stock_provided,full_benchmark_v1_c192_h24_s2,c192/h24,192,24,stock_provided,xgboost_ar,1.227825152157736,0.6921749863065525,1.001387442265962,0.4649452847193929,0.0285857189446687,8,XGBoost
full_benchmark_v1_c192_h24_s2|synthetic_energy,full_benchmark_v1_c192_h24_s2,c192/h24,192,24,synthetic_energy,dummy_mean,15.122359419254185,2.1983024276204444,2.725798774860391,5.204274512064422,0.003584933001548,9,Mean
full_benchmark_v1_c192_h24_s2|synthetic_energy,full_benchmark_v1_c192_h24_s2,c192/h24,192,24,synthetic_energy,hist_gradient_boosting_ar,1.0981031869916966,0.1813682791808928,0.3122412086201138,0.4293723651389586,0.1959116798825562,4,HistGBR
full_benchmark_v1_c192_h24_s2|synthetic_energy,full_benchmark_v1_c192_h24_s2,c192/h24,192,24,synthetic_energy,lightgbm_ar,0.6641817959631302,0.1100045866261226,0.2067261825284325,0.2604255261675754,0.0300895171239972,2,LightGBM
full_benchmark_v1_c192_h24_s2|synthetic_energy,full_benchmark_v1_c192_h24_s2,c192/h24,192,24,synthetic_energy,linear_trend,10.637875328289011,1.5918499693011647,1.7827485212182228,3.768555280736359,0.0035626958124339,8,Trend
full_benchmark_v1_c192_h24_s2|synthetic_energy,full_benchmark_v1_c192_h24_s2,c192/h24,192,24,synthetic_energy,moving_average,10.072958021307212,1.5085281390880487,1.730542967114776,3.571298674080076,0.0031336289830505,7,MovingAvg
full_benchmark_v1_c192_h24_s2|synthetic_energy,full_benchmark_v1_c192_h24_s2,c192/h24,192,24,synthetic_energy,ridge_ar,0.1078773271873447,0.0153730986277365,0.0184438692835874,0.036394367014544,0.0135855870321393,1,Ridge-AR
full_benchmark_v1_c192_h24_s2|synthetic_energy,full_benchmark_v1_c192_h24_s2,c192/h24,192,24,synthetic_energy,seasonal_naive,3.2866178349522888,0.4799999999999997,0.4799999999999998,1.1363549138663969,0.0031116039026528,6,Seasonal
full_benchmark_v1_c192_h24_s2|synthetic_energy,full_benchmark_v1_c192_h24_s2,c192/h24,192,24,synthetic_energy,tabpfn_ts,2.2352758425477925,0.3190560022989901,0.3323790493574892,0.7553351166896375,2.2909697249997407,5,TabPFN-TS
full_benchmark_v1_c192_h24_s2|synthetic_energy,full_benchmark_v1_c192_h24_s2,c192/h24,192,24,synthetic_energy,xgboost_ar,0.7230442771491129,0.1154846488316437,0.177830987612051,0.2733990586999451,0.0277874409221112,3,XGBoost
full_benchmark_v1_c192_h24_s2|synthetic_exchange,full_benchmark_v1_c192_h24_s2,c192/h24,192,24,synthetic_exchange,dummy_mean,23.55528369774427,1.0717850882483722,1.075539388456297,22.675743943827204,0.0041742040775716,9,Mean
full_benchmark_v1_c192_h24_s2|synthetic_exchange,full_benchmark_v1_c192_h24_s2,c192/h24,192,24,synthetic_exchange,hist_gradient_boosting_ar,2.552596361447372,0.1288568948497601,0.1495355202895568,2.726223741165458,0.144987144973129,6,HistGBR
full_benchmark_v1_c192_h24_s2|synthetic_exchange,full_benchmark_v1_c192_h24_s2,c192/h24,192,24,synthetic_exchange,lightgbm_ar,2.139225849771744,0.1082820805150827,0.1285339150404173,2.2909226470744626,0.0302660199813544,5,LightGBM
full_benchmark_v1_c192_h24_s2|synthetic_exchange,full_benchmark_v1_c192_h24_s2,c192/h24,192,24,synthetic_exchange,linear_trend,1.010139959093599,0.0513808884504846,0.0573005883887395,1.087064825667309,0.0027597500011324,2,Trend
full_benchmark_v1_c192_h24_s2|synthetic_exchange,full_benchmark_v1_c192_h24_s2,c192/h24,192,24,synthetic_exchange,moving_average,4.519183901531875,0.22539571244155,0.2426209552293616,4.768694318852742,0.0025512520223855,7,MovingAvg
full_benchmark_v1_c192_h24_s2|synthetic_exchange,full_benchmark_v1_c192_h24_s2,c192/h24,192,24,synthetic_exchange,ridge_ar,0.1215922943680585,0.0061813725357883,0.0067366809909336,0.1307792227936464,0.0098599919583648,1,Ridge-AR
full_benchmark_v1_c192_h24_s2|synthetic_exchange,full_benchmark_v1_c192_h24_s2,c192/h24,192,24,synthetic_exchange,seasonal_naive,4.535981481845359,0.22539571244155,0.2510726287253871,4.768694318852741,0.0026251121889799,8,Seasonal
full_benchmark_v1_c192_h24_s2|synthetic_exchange,full_benchmark_v1_c192_h24_s2,c192/h24,192,24,synthetic_exchange,tabpfn_ts,1.5544320389867008,0.078760353518698,0.0835961366268256,1.6663318317239324,1.282270612893626,3,TabPFN-TS
full_benchmark_v1_c192_h24_s2|synthetic_exchange,full_benchmark_v1_c192_h24_s2,c192/h24,192,24,synthetic_exchange,xgboost_ar,2.0821208653359995,0.105438041288457,0.1274967023536584,2.230751344099383,0.0295521400403231,4,XGBoost
full_benchmark_v1_c192_h24_s2|synthetic_traffic,full_benchmark_v1_c192_h24_s2,c192/h24,192,24,synthetic_traffic,dummy_mean,17.389375455595,5.632977049934713,6.3415128294331735,4.089672321837098,0.0025426759384572,8,Mean
full_benchmark_v1_c192_h24_s2|synthetic_traffic,full_benchmark_v1_c192_h24_s2,c192/h24,192,24,synthetic_traffic,hist_gradient_boosting_ar,5.167940246590267,1.6154792927505532,1.8689100082373131,1.1728755312680497,0.1498796839732676,4,HistGBR
full_benchmark_v1_c192_h24_s2|synthetic_traffic,full_benchmark_v1_c192_h24_s2,c192/h24,192,24,synthetic_traffic,lightgbm_ar,8.821507391370144,2.772194171853902,3.171513295665686,2.0126774305818307,0.0269785320851951,5,LightGBM
full_benchmark_v1_c192_h24_s2|synthetic_traffic,full_benchmark_v1_c192_h24_s2,c192/h24,192,24,synthetic_traffic,linear_trend,18.125745628081948,5.862871566287925,6.929152555280448,4.256581086445459,0.0029120841063559,9,Trend
full_benchmark_v1_c192_h24_s2|synthetic_traffic,full_benchmark_v1_c192_h24_s2,c192/h24,192,24,synthetic_traffic,moving_average,16.86714627742726,5.466844017602457,6.0563766944221005,3.969055877273389,0.002774239052087,7,MovingAvg
full_benchmark_v1_c192_h24_s2|synthetic_traffic,full_benchmark_v1_c192_h24_s2,c192/h24,192,24,synthetic_traffic,ridge_ar,0.6706844509913595,0.2289440831544021,0.2710787254326127,0.1662187280056078,0.0098248501308262,1,Ridge-AR
full_benchmark_v1_c192_h24_s2|synthetic_traffic,full_benchmark_v1_c192_h24_s2,c192/h24,192,24,synthetic_traffic,seasonal_naive,2.360824608645286,0.6836415548963087,0.8262438955451719,0.4963396655680525,0.002481197938323,3,Seasonal
full_benchmark_v1_c192_h24_s2|synthetic_traffic,full_benchmark_v1_c192_h24_s2,c192/h24,192,24,synthetic_traffic,tabpfn_ts,0.7316758248281701,0.2378697888303354,0.3379170571865268,0.1726989978757206,1.3885199460200963,2,TabPFN-TS
full_benchmark_v1_c192_h24_s2|synthetic_traffic,full_benchmark_v1_c192_h24_s2,c192/h24,192,24,synthetic_traffic,xgboost_ar,9.763440925124282,3.181204628879646,3.842240574349992,2.309628533100438,0.0315603709314018,6,XGBoost
full_benchmark_v1_c192_h24_s2|synthetic_weather,full_benchmark_v1_c192_h24_s2,c192/h24,192,24,synthetic_weather,dummy_mean,23.978062095872332,5.028444640531803,5.047656973337156,38.56835818248269,0.002356989076361,8,Mean
full_benchmark_v1_c192_h24_s2|synthetic_weather,full_benchmark_v1_c192_h24_s2,c192/h24,192,24,synthetic_weather,hist_gradient_boosting_ar,0.0734065729823466,0.0173425109039455,0.0236021837998963,0.1330177062973979,0.1446385500021278,2,HistGBR
full_benchmark_v1_c192_h24_s2|synthetic_weather,full_benchmark_v1_c192_h24_s2,c192/h24,192,24,synthetic_weather,lightgbm_ar,0.0180711569651266,0.004254436511123,0.0052984907774109,0.0326316869242242,0.0250276781152933,1,LightGBM
full_benchmark_v1_c192_h24_s2|synthetic_weather,full_benchmark_v1_c192_h24_s2,c192/h24,192,24,synthetic_weather,linear_trend,30.45410688718328,6.205876303808686,6.222699825983698,47.59930301154945,0.0026530739851295,9,Trend
full_benchmark_v1_c192_h24_s2|synthetic_weather,full_benchmark_v1_c192_h24_s2,c192/h24,192,24,synthetic_weather,moving_average,12.528591544332691,2.77086621763121,2.8055810474117626,21.25264736851897,0.002497412962839,6,MovingAvg
full_benchmark_v1_c192_h24_s2|synthetic_weather,full_benchmark_v1_c192_h24_s2,c192/h24,192,24,synthetic_weather,ridge_ar,0.6402537492763237,0.1510380041535558,0.173582355728883,1.1584671324422835,0.0098642380908131,3,Ridge-AR
full_benchmark_v1_c192_h24_s2|synthetic_weather,full_benchmark_v1_c192_h24_s2,c192/h24,192,24,synthetic_weather,seasonal_naive,12.628393342156416,2.770866217631211,2.9413573154886192,21.25264736851898,0.0025284618604928,7,Seasonal
full_benchmark_v1_c192_h24_s2|synthetic_weather,full_benchmark_v1_c192_h24_s2,c192/h24,192,24,synthetic_weather,tabpfn_ts,5.682590845883038,1.2981198699950294,1.3800466883919973,9.956627881752157,1.39504777896218,5,TabPFN-TS
full_benchmark_v1_c192_h24_s2|synthetic_weather,full_benchmark_v1_c192_h24_s2,c192/h24,192,24,synthetic_weather,xgboost_ar,2.526504290134288,0.5879855266303227,0.63476372803341,4.5098709478475305,0.0257160239852964,4,XGBoost
full_benchmark_v1_c48_h12_s2|stock_provided,full_benchmark_v1_c48_h12_s2,c48/h12,48,12,stock_provided,dummy_mean,0.2997187841226784,0.0650526136159896,0.0912461751396541,0.0221693623683269,0.0032586390152573,2,Mean
full_benchmark_v1_c48_h12_s2|stock_provided,full_benchmark_v1_c48_h12_s2,c48/h12,48,12,stock_provided,hist_gradient_boosting_ar,0.4616920275329426,0.0819419775346224,0.1073938174872725,0.0279251100327172,0.0843237889930605,4,HistGBR
full_benchmark_v1_c48_h12_s2|stock_provided,full_benchmark_v1_c48_h12_s2,c48/h12,48,12,stock_provided,lightgbm_ar,0.2992033075069038,0.0537402280152515,0.0687882157872515,0.0183142001897029,0.0169659929815679,1,LightGBM
full_benchmark_v1_c48_h12_s2|stock_provided,full_benchmark_v1_c48_h12_s2,c48/h12,48,12,stock_provided,linear_trend,1.0704868881017124,0.1221433441801867,0.1365557739313907,0.0416253845540229,0.0034912137780338,9,Trend
full_benchmark_v1_c48_h12_s2|stock_provided,full_benchmark_v1_c48_h12_s2,c48/h12,48,12,stock_provided,moving_average,0.4950154281476915,0.097292145093282,0.1215574567121926,0.0331563130252872,0.0032073291949927,6,MovingAvg
full_benchmark_v1_c48_h12_s2|stock_provided,full_benchmark_v1_c48_h12_s2,c48/h12,48,12,stock_provided,ridge_ar,0.702154991506423,0.1587676780035968,0.1952429217545331,0.0541066375413769,0.0085254919249564,7,Ridge-AR
full_benchmark_v1_c48_h12_s2|stock_provided,full_benchmark_v1_c48_h12_s2,c48/h12,48,12,stock_provided,seasonal_naive,0.8206790850960677,0.2158334056536356,0.3118088907710827,0.0735541389523733,0.0033714310266077,8,Seasonal
full_benchmark_v1_c48_h12_s2|stock_provided,full_benchmark_v1_c48_h12_s2,c48/h12,48,12,stock_provided,tabpfn_ts,0.4169736024544057,0.1691006819407145,0.2620417234292547,0.0576280350057057,1.7305946392007172,3,TabPFN-TS
full_benchmark_v1_c48_h12_s2|stock_provided,full_benchmark_v1_c48_h12_s2,c48/h12,48,12,stock_provided,xgboost_ar,0.4670044859912621,0.1791516874396526,0.2610528278258934,0.0610533298660684,0.0200311329681426,5,XGBoost
full_benchmark_v1_c48_h12_s2|synthetic_energy,full_benchmark_v1_c48_h12_s2,c48/h12,48,12,synthetic_energy,dummy_mean,7.764581647042325,1.0746075046916916,1.248670958665932,2.448834757126854,0.0028063508216291,6,Mean
full_benchmark_v1_c48_h12_s2|synthetic_energy,full_benchmark_v1_c48_h12_s2,c48/h12,48,12,synthetic_energy,hist_gradient_boosting_ar,4.809355012983078,0.660955192859853,0.7222465368131746,1.5061964876590586,0.0967858801595866,5,HistGBR
full_benchmark_v1_c48_h12_s2|synthetic_energy,full_benchmark_v1_c48_h12_s2,c48/h12,48,12,synthetic_energy,lightgbm_ar,2.5394324024909545,0.350395320940686,0.4002406769610221,0.7984871098591025,0.0165168100502342,3,LightGBM
full_benchmark_v1_c48_h12_s2|synthetic_energy,full_benchmark_v1_c48_h12_s2,c48/h12,48,12,synthetic_energy,linear_trend,20.43245094102265,3.0666386782722115,3.1831720201265004,6.988310941544283,0.0026515068020671,9,Trend
full_benchmark_v1_c48_h12_s2|synthetic_energy,full_benchmark_v1_c48_h12_s2,c48/h12,48,12,synthetic_energy,moving_average,9.051869130376115,1.2641154401510788,1.445114035046445,2.880688822055838,0.0023125770967453,7,MovingAvg
full_benchmark_v1_c48_h12_s2|synthetic_energy,full_benchmark_v1_c48_h12_s2,c48/h12,48,12,synthetic_energy,ridge_ar,3.3909087449750492,0.4771308685542144,0.6489370551690573,1.0872943372463293,0.0061553970444947,4,Ridge-AR
full_benchmark_v1_c48_h12_s2|synthetic_energy,full_benchmark_v1_c48_h12_s2,c48/h12,48,12,synthetic_energy,seasonal_naive,19.71025191347567,2.9648975469688175,3.322416165602225,6.75646143604819,0.002301099942997,8,Seasonal
full_benchmark_v1_c48_h12_s2|synthetic_energy,full_benchmark_v1_c48_h12_s2,c48/h12,48,12,synthetic_energy,tabpfn_ts,0.410723893957556,0.0553201976408785,0.060215081281093,0.1260646535248021,2.4361706499475986,1,TabPFN-TS
full_benchmark_v1_c48_h12_s2|synthetic_energy,full_benchmark_v1_c48_h12_s2,c48/h12,48,12,synthetic_energy,xgboost_ar,2.493169586944658,0.3321520881606276,0.3900101363681868,0.7569141054652981,0.0178599359933286,2,XGBoost
full_benchmark_v1_c48_h12_s2|synthetic_exchange,full_benchmark_v1_c48_h12_s2,c48/h12,48,12,synthetic_exchange,dummy_mean,5.9259276161249295,0.2964126699705149,0.3019466821357706,6.767634408914147,0.0023669039364904,9,Mean
full_benchmark_v1_c48_h12_s2|synthetic_exchange,full_benchmark_v1_c48_h12_s2,c48/h12,48,12,synthetic_exchange,hist_gradient_boosting_ar,1.2348943810717998,0.0634298033967342,0.0753565159784475,1.448216501882658,0.0783139939885586,5,HistGBR
full_benchmark_v1_c48_h12_s2|synthetic_exchange,full_benchmark_v1_c48_h12_s2,c48/h12,48,12,synthetic_exchange,lightgbm_ar,1.1259887937125028,0.0578733513516132,0.0686540890357759,1.3213527073769005,0.0143198568839579,4,LightGBM
full_benchmark_v1_c48_h12_s2|synthetic_exchange,full_benchmark_v1_c48_h12_s2,c48/h12,48,12,synthetic_exchange,linear_trend,1.0395973249958073,0.0535158102530627,0.0586122570425431,1.221862206246362,0.0026291869580745,3,Trend
full_benchmark_v1_c48_h12_s2|synthetic_exchange,full_benchmark_v1_c48_h12_s2,c48/h12,48,12,synthetic_exchange,moving_average,3.449753047286672,0.1747877901168785,0.1840165740027041,3.990719636818217,0.002413464942947,8,MovingAvg
full_benchmark_v1_c48_h12_s2|synthetic_exchange,full_benchmark_v1_c48_h12_s2,c48/h12,48,12,synthetic_exchange,ridge_ar,0.1514273840779519,0.0077913383688209,0.0084352178180238,0.177890269135832,0.0062539619393646,1,Ridge-AR
full_benchmark_v1_c48_h12_s2|synthetic_exchange,full_benchmark_v1_c48_h12_s2,c48/h12,48,12,synthetic_exchange,seasonal_naive,2.480094578193108,0.1258775468571698,0.1547896318936603,2.8740108090016045,0.0025104030501097,7,Seasonal
full_benchmark_v1_c48_h12_s2|synthetic_exchange,full_benchmark_v1_c48_h12_s2,c48/h12,48,12,synthetic_exchange,tabpfn_ts,0.5390433560841411,0.0277841903142261,0.0338031228541495,0.6343630399236327,1.71928685111925,2,TabPFN-TS
full_benchmark_v1_c48_h12_s2|synthetic_exchange,full_benchmark_v1_c48_h12_s2,c48/h12,48,12,synthetic_exchange,xgboost_ar,1.236896656726901,0.0635307830098704,0.0757943130784284,1.4505220480812309,0.0203968549612909,6,XGBoost
full_benchmark_v1_c48_h12_s2|synthetic_traffic,full_benchmark_v1_c48_h12_s2,c48/h12,48,12,synthetic_traffic,dummy_mean,19.294933486959295,5.702141455339764,6.271200483242302,4.113085128727628,0.002370122121647,6,Mean
full_benchmark_v1_c48_h12_s2|synthetic_traffic,full_benchmark_v1_c48_h12_s2,c48/h12,48,12,synthetic_traffic,hist_gradient_boosting_ar,10.974058092807192,3.0961121463949923,3.301068026173861,2.2332965476128175,0.0780643380712717,5,HistGBR
full_benchmark_v1_c48_h12_s2|synthetic_traffic,full_benchmark_v1_c48_h12_s2,c48/h12,48,12,synthetic_traffic,lightgbm_ar,5.565175134781467,1.5348087269317696,1.6589278010615358,1.107092659771327,0.0143916171509772,4,LightGBM
full_benchmark_v1_c48_h12_s2|synthetic_traffic,full_benchmark_v1_c48_h12_s2,c48/h12,48,12,synthetic_traffic,linear_trend,34.34729548557896,11.198416880729908,11.572432749016803,8.07767437868272,0.0026784290093928,9,Trend
full_benchmark_v1_c48_h12_s2|synthetic_traffic,full_benchmark_v1_c48_h12_s2,c48/h12,48,12,synthetic_traffic,moving_average,20.197058809936298,6.005069414710101,6.547854381383332,4.331593998512883,0.0024291209410876,7,MovingAvg
full_benchmark_v1_c48_h12_s2|synthetic_traffic,full_benchmark_v1_c48_h12_s2,c48/h12,48,12,synthetic_traffic,ridge_ar,5.506924681607961,1.5145674822093966,1.5751493436346953,1.0924921867198272,0.0062579861842095,3,Ridge-AR
full_benchmark_v1_c48_h12_s2|synthetic_traffic,full_benchmark_v1_c48_h12_s2,c48/h12,48,12,synthetic_traffic,seasonal_naive,33.36854075582463,10.933688035204916,12.060315129840252,7.886719403924173,0.0023969600442796,8,Seasonal
full_benchmark_v1_c48_h12_s2|synthetic_traffic,full_benchmark_v1_c48_h12_s2,c48/h12,48,12,synthetic_traffic,tabpfn_ts,4.55034012398115,1.2551331567317032,1.4629837641564998,0.9053562704397212,1.506187206832692,2,TabPFN-TS
full_benchmark_v1_c48_h12_s2|synthetic_traffic,full_benchmark_v1_c48_h12_s2,c48/h12,48,12,synthetic_traffic,xgboost_ar,4.208536836815652,1.1520747098578132,1.1932302341924717,0.8310178541540617,0.0169102300424128,1,XGBoost
full_benchmark_v1_c48_h12_s2|synthetic_weather,full_benchmark_v1_c48_h12_s2,c48/h12,48,12,synthetic_weather,dummy_mean,13.634417361695562,3.0065017227084696,3.034246308856212,14.688080416526732,0.0023579869884997,9,Mean
full_benchmark_v1_c48_h12_s2|synthetic_weather,full_benchmark_v1_c48_h12_s2,c48/h12,48,12,synthetic_weather,hist_gradient_boosting_ar,1.442252626079909,0.3385470757946575,0.3849670154919852,1.653951047655554,0.0774888240266591,1,HistGBR
full_benchmark_v1_c48_h12_s2|synthetic_weather,full_benchmark_v1_c48_h12_s2,c48/h12,48,12,synthetic_weather,lightgbm_ar,1.5453883848307792,0.3629591459649569,0.4692182802496288,1.773214724468693,0.0144064410123974,2,LightGBM
full_benchmark_v1_c48_h12_s2|synthetic_weather,full_benchmark_v1_c48_h12_s2,c48/h12,48,12,synthetic_weather,linear_trend,8.170216080449542,2.0077437870235357,2.234257659315451,9.808709563291725,0.0026193971280008,8,Trend
full_benchmark_v1_c48_h12_s2|synthetic_weather,full_benchmark_v1_c48_h12_s2,c48/h12,48,12,synthetic_weather,moving_average,4.663687628220516,1.0757846571965493,1.1510476457636531,5.2556801935020045,0.0024392229970544,6,MovingAvg
full_benchmark_v1_c48_h12_s2|synthetic_weather,full_benchmark_v1_c48_h12_s2,c48/h12,48,12,synthetic_weather,ridge_ar,4.875465736902019,1.175254972746364,1.411922193900049,5.741636340747039,0.0063220299780368,7,Ridge-AR
full_benchmark_v1_c48_h12_s2|synthetic_weather,full_benchmark_v1_c48_h12_s2,c48/h12,48,12,synthetic_weather,seasonal_naive,3.1991142987639267,0.7492557483882099,0.8615125253985197,3.660443166138201,0.0024942869786173,5,Seasonal
full_benchmark_v1_c48_h12_s2|synthetic_weather,full_benchmark_v1_c48_h12_s2,c48/h12,48,12,synthetic_weather,tabpfn_ts,1.9508421048577944,0.4599473909455698,0.5885255967003563,2.2470448676457555,1.385512210894376,4,TabPFN-TS
full_benchmark_v1_c48_h12_s2|synthetic_weather,full_benchmark_v1_c48_h12_s2,c48/h12,48,12,synthetic_weather,xgboost_ar,1.877566507082174,0.4423415277834748,0.598249347516477,2.161032499193076,0.017969163833186,3,XGBoost
full_benchmark_v1_c96_h12_s2|stock_provided,full_benchmark_v1_c96_h12_s2,c96/h12,96,12,stock_provided,dummy_mean,0.8501652492059132,0.1899475107590335,0.220145979260352,0.0647324521323098,0.0024927139747887,9,Mean
full_benchmark_v1_c96_h12_s2|stock_provided,full_benchmark_v1_c96_h12_s2,c96/h12,96,12,stock_provided,hist_gradient_boosting_ar,0.3342118812774775,0.0842061788512817,0.1206846609790671,0.0286967300595492,0.0869773258455097,1,HistGBR
full_benchmark_v1_c96_h12_s2|stock_provided,full_benchmark_v1_c96_h12_s2,c96/h12,96,12,stock_provided,lightgbm_ar,0.3427279318646834,0.0985613511900674,0.1374523252647725,0.0335888473742654,0.0166734100785106,3,LightGBM
full_benchmark_v1_c96_h12_s2|stock_provided,full_benchmark_v1_c96_h12_s2,c96/h12,96,12,stock_provided,linear_trend,0.8403117190209022,0.195240344941818,0.2270729365429576,0.0665362037793425,0.0026029790751636,8,Trend
full_benchmark_v1_c96_h12_s2|stock_provided,full_benchmark_v1_c96_h12_s2,c96/h12,96,12,stock_provided,moving_average,0.4950154281476915,0.097292145093282,0.1215574567121926,0.0331563130252872,0.0024109240621328,4,MovingAvg
full_benchmark_v1_c96_h12_s2|stock_provided,full_benchmark_v1_c96_h12_s2,c96/h12,96,12,stock_provided,ridge_ar,0.4972846805560261,0.1902206419453448,0.274722987982835,0.0648255328543108,0.0062731041107326,5,Ridge-AR
full_benchmark_v1_c96_h12_s2|stock_provided,full_benchmark_v1_c96_h12_s2,c96/h12,96,12,stock_provided,seasonal_naive,0.8206790850960677,0.2158334056536356,0.3118088907710827,0.0735541389523733,0.002527458127588,7,Seasonal
full_benchmark_v1_c96_h12_s2|stock_provided,full_benchmark_v1_c96_h12_s2,c96/h12,96,12,stock_provided,tabpfn_ts,0.3417105488692092,0.1338410973548889,0.2001346751596101,0.0456118766349726,1.45993989193812,2,TabPFN-TS
full_benchmark_v1_c96_h12_s2|stock_provided,full_benchmark_v1_c96_h12_s2,c96/h12,96,12,stock_provided,xgboost_ar,0.5401386376128987,0.203576079536273,0.2781742175477416,0.0693769493014447,0.0190589539706707,6,XGBoost
full_benchmark_v1_c96_h12_s2|synthetic_energy,full_benchmark_v1_c96_h12_s2,c96/h12,96,12,synthetic_energy,dummy_mean,5.9346583455805755,0.8117662358989772,0.9200154023007804,1.84986738362839,0.0027105750050395,6,Mean
full_benchmark_v1_c96_h12_s2|synthetic_energy,full_benchmark_v1_c96_h12_s2,c96/h12,96,12,synthetic_energy,hist_gradient_boosting_ar,0.5400615653280976,0.0723182064166863,0.0857876118016785,0.1648000192377821,0.0898524560034275,3,HistGBR
full_benchmark_v1_c96_h12_s2|synthetic_energy,full_benchmark_v1_c96_h12_s2,c96/h12,96,12,synthetic_energy,lightgbm_ar,0.6895298313762881,0.0949779761300869,0.1145557923710691,0.2164375068045435,0.0168674821034073,5,LightGBM
full_benchmark_v1_c96_h12_s2|synthetic_energy,full_benchmark_v1_c96_h12_s2,c96/h12,96,12,synthetic_energy,linear_trend,15.454867557326482,2.2501167964152144,2.388570487611783,5.127606307046395,0.0026870730798691,8,Trend
full_benchmark_v1_c96_h12_s2|synthetic_energy,full_benchmark_v1_c96_h12_s2,c96/h12,96,12,synthetic_energy,moving_average,9.051869130376115,1.2641154401510788,1.445114035046445,2.880688822055838,0.0023650471121072,7,MovingAvg
full_benchmark_v1_c96_h12_s2|synthetic_energy,full_benchmark_v1_c96_h12_s2,c96/h12,96,12,synthetic_energy,ridge_ar,0.3398937558428041,0.0467369414623464,0.061896768575,0.1065049761844287,0.0062854620628058,1,Ridge-AR
full_benchmark_v1_c96_h12_s2|synthetic_energy,full_benchmark_v1_c96_h12_s2,c96/h12,96,12,synthetic_energy,seasonal_naive,19.71025191347567,2.9648975469688175,3.322416165602225,6.75646143604819,0.0023490078747272,9,Seasonal
full_benchmark_v1_c96_h12_s2|synthetic_energy,full_benchmark_v1_c96_h12_s2,c96/h12,96,12,synthetic_energy,tabpfn_ts,0.437225251972301,0.0581084080638675,0.0683644031398208,0.1324184771898973,2.267373664071783,2,TabPFN-TS
full_benchmark_v1_c96_h12_s2|synthetic_energy,full_benchmark_v1_c96_h12_s2,c96/h12,96,12,synthetic_energy,xgboost_ar,0.5938097524338489,0.0818628010761659,0.1087844566446097,0.1865504118627869,0.0183101599104702,4,XGBoost
full_benchmark_v1_c96_h12_s2|synthetic_exchange,full_benchmark_v1_c96_h12_s2,c96/h12,96,12,synthetic_exchange,dummy_mean,10.983539622404468,0.535961799826295,0.5390420937244069,12.236971917323231,0.0023387630935758,9,Mean
full_benchmark_v1_c96_h12_s2|synthetic_exchange,full_benchmark_v1_c96_h12_s2,c96/h12,96,12,synthetic_exchange,hist_gradient_boosting_ar,1.3102109770402248,0.0672655216530158,0.080523026569348,1.5357928489284631,0.0715539909433573,6,HistGBR
full_benchmark_v1_c96_h12_s2|synthetic_exchange,full_benchmark_v1_c96_h12_s2,c96/h12,96,12,synthetic_exchange,lightgbm_ar,1.163256185769178,0.0597756340107125,0.0704485817385238,1.364785242094401,0.0138304650317877,4,LightGBM
full_benchmark_v1_c96_h12_s2|synthetic_exchange,full_benchmark_v1_c96_h12_s2,c96/h12,96,12,synthetic_exchange,linear_trend,1.0389926874431112,0.0534846288529109,0.0585674256183067,1.221150278795331,0.0026061690878123,3,Trend
full_benchmark_v1_c96_h12_s2|synthetic_exchange,full_benchmark_v1_c96_h12_s2,c96/h12,96,12,synthetic_exchange,moving_average,3.449753047286672,0.1747877901168785,0.1840165740027041,3.990719636818217,0.002418708987534,8,MovingAvg
full_benchmark_v1_c96_h12_s2|synthetic_exchange,full_benchmark_v1_c96_h12_s2,c96/h12,96,12,synthetic_exchange,ridge_ar,0.5004359433083578,0.0257592657545818,0.0303094020219679,0.5881303700223516,0.0062415190041065,1,Ridge-AR
full_benchmark_v1_c96_h12_s2|synthetic_exchange,full_benchmark_v1_c96_h12_s2,c96/h12,96,12,synthetic_exchange,seasonal_naive,2.480094578193108,0.1258775468571698,0.1547896318936603,2.8740108090016045,0.0024802789557725,7,Seasonal
full_benchmark_v1_c96_h12_s2|synthetic_exchange,full_benchmark_v1_c96_h12_s2,c96/h12,96,12,synthetic_exchange,tabpfn_ts,0.6683000458514182,0.0343689339729277,0.0376987132276683,0.7847045815417453,1.1262531420215964,2,TabPFN-TS
full_benchmark_v1_c96_h12_s2|synthetic_exchange,full_benchmark_v1_c96_h12_s2,c96/h12,96,12,synthetic_exchange,xgboost_ar,1.1991986080397208,0.0616207576538995,0.0762214358861418,1.406912733667469,0.0171786299906671,5,XGBoost
full_benchmark_v1_c96_h12_s2|synthetic_traffic,full_benchmark_v1_c96_h12_s2,c96/h12,96,12,synthetic_traffic,dummy_mean,14.427734956329576,4.122800197732519,4.647410338374584,2.9738701354259085,0.0023844139650464,6,Mean
full_benchmark_v1_c96_h12_s2|synthetic_traffic,full_benchmark_v1_c96_h12_s2,c96/h12,96,12,synthetic_traffic,hist_gradient_boosting_ar,8.332386194638634,2.350711948056675,2.3784506695227123,1.6956223256124312,0.0914858379401266,3,HistGBR
full_benchmark_v1_c96_h12_s2|synthetic_traffic,full_benchmark_v1_c96_h12_s2,c96/h12,96,12,synthetic_traffic,lightgbm_ar,9.536088186091346,2.688286997973355,2.7561269989684294,1.9391229347285988,0.0184150370769202,4,LightGBM
full_benchmark_v1_c96_h12_s2|synthetic_traffic,full_benchmark_v1_c96_h12_s2,c96/h12,96,12,synthetic_traffic,linear_trend,31.047976824948364,9.906722719254178,10.291028921290827,7.145945818800203,0.0027006450109183,8,Trend
full_benchmark_v1_c96_h12_s2|synthetic_traffic,full_benchmark_v1_c96_h12_s2,c96/h12,96,12,synthetic_traffic,moving_average,20.197058809936298,6.005069414710101,6.547854381383332,4.331593998512883,0.0024559719022363,7,MovingAvg
full_benchmark_v1_c96_h12_s2|synthetic_traffic,full_benchmark_v1_c96_h12_s2,c96/h12,96,12,synthetic_traffic,ridge_ar,7.69426241374544,2.1490301083516328,2.225153792898771,1.5501445990210605,0.0063852900639176,2,Ridge-AR
full_benchmark_v1_c96_h12_s2|synthetic_traffic,full_benchmark_v1_c96_h12_s2,c96/h12,96,12,synthetic_traffic,seasonal_naive,33.36854075582463,10.933688035204916,12.060315129840252,7.886719403924173,0.0024208182003349,9,Seasonal
full_benchmark_v1_c96_h12_s2|synthetic_traffic,full_benchmark_v1_c96_h12_s2,c96/h12,96,12,synthetic_traffic,tabpfn_ts,2.475531944633323,0.6970548358076177,0.9065075440520156,0.5028016055938335,1.2341360431164503,1,TabPFN-TS
full_benchmark_v1_c96_h12_s2|synthetic_traffic,full_benchmark_v1_c96_h12_s2,c96/h12,96,12,synthetic_traffic,xgboost_ar,10.078817195436258,2.8713789703964103,2.892679343007595,2.071191364609002,0.0192015310749411,5,XGBoost
full_benchmark_v1_c96_h12_s2|synthetic_weather,full_benchmark_v1_c96_h12_s2,c96/h12,96,12,synthetic_weather,dummy_mean,30.005958304896467,6.14159968537561,6.155229057440863,30.004409903895283,0.0022932421416044,9,Mean
full_benchmark_v1_c96_h12_s2|synthetic_weather,full_benchmark_v1_c96_h12_s2,c96/h12,96,12,synthetic_weather,hist_gradient_boosting_ar,1.4408696154272602,0.3381959047616047,0.3760962809626041,1.6522354230362577,0.0890274979174137,2,HistGBR
full_benchmark_v1_c96_h12_s2|synthetic_weather,full_benchmark_v1_c96_h12_s2,c96/h12,96,12,synthetic_weather,lightgbm_ar,1.5636927197793464,0.3673188576247573,0.4782595755088177,1.794513829328121,0.0163612160831689,3,LightGBM
full_benchmark_v1_c96_h12_s2|synthetic_weather,full_benchmark_v1_c96_h12_s2,c96/h12,96,12,synthetic_weather,linear_trend,3.006017891460554,0.710374802567045,0.8507356551722548,3.4704926816337673,0.0025677278172224,5,Trend
full_benchmark_v1_c96_h12_s2|synthetic_weather,full_benchmark_v1_c96_h12_s2,c96/h12,96,12,synthetic_weather,moving_average,4.663687628220516,1.0757846571965493,1.1510476457636531,5.2556801935020045,0.0023656240664422,8,MovingAvg
full_benchmark_v1_c96_h12_s2|synthetic_weather,full_benchmark_v1_c96_h12_s2,c96/h12,96,12,synthetic_weather,ridge_ar,4.576237587665113,1.1002163711407489,1.3030706280533169,5.375039838771956,0.0062256578821688,7,Ridge-AR
full_benchmark_v1_c96_h12_s2|synthetic_weather,full_benchmark_v1_c96_h12_s2,c96/h12,96,12,synthetic_weather,seasonal_naive,3.1991142987639267,0.7492557483882099,0.8615125253985197,3.660443166138201,0.002442322904244,6,Seasonal
full_benchmark_v1_c96_h12_s2|synthetic_weather,full_benchmark_v1_c96_h12_s2,c96/h12,96,12,synthetic_weather,tabpfn_ts,1.0508654970786684,0.2456899618822617,0.3352483745038473,1.2003032928280055,1.1324480939656496,1,TabPFN-TS
full_benchmark_v1_c96_h12_s2|synthetic_weather,full_benchmark_v1_c96_h12_s2,c96/h12,96,12,synthetic_weather,xgboost_ar,1.8216775172580304,0.4289501170705406,0.5837638376233274,2.0956095806041186,0.0191997089423239,4,XGBoost
full_benchmark_v1_c96_h24_s2|stock_provided,full_benchmark_v1_c96_h24_s2,c96/h24,96,24,stock_provided,dummy_mean,1.3883198423614245,0.240433804690838,0.276678199874279,0.1615033279007273,0.0032161728013306,9,Mean
full_benchmark_v1_c96_h24_s2|stock_provided,full_benchmark_v1_c96_h24_s2,c96/h24,96,24,stock_provided,hist_gradient_boosting_ar,0.8108422129574746,0.4240957733243777,0.6183906284736616,0.2848720828944628,0.1887936410494148,4,HistGBR
full_benchmark_v1_c96_h24_s2|stock_provided,full_benchmark_v1_c96_h24_s2,c96/h24,96,24,stock_provided,lightgbm_ar,0.8014646442163179,0.3927735291866407,0.5804101780353826,0.2638324180600265,0.0354379881173372,3,LightGBM
full_benchmark_v1_c96_h24_s2|stock_provided,full_benchmark_v1_c96_h24_s2,c96/h24,96,24,stock_provided,linear_trend,0.719382574717587,0.2667790063503566,0.3765934343293822,0.1791998317168155,0.0034887189976871,1,Trend
full_benchmark_v1_c96_h24_s2|stock_provided,full_benchmark_v1_c96_h24_s2,c96/h24,96,24,stock_provided,moving_average,0.8676134926840176,0.2536288971702237,0.3555604155672116,0.1703666878185178,0.0032136961817741,6,MovingAvg
full_benchmark_v1_c96_h24_s2|stock_provided,full_benchmark_v1_c96_h24_s2,c96/h24,96,24,stock_provided,ridge_ar,0.8156323790012293,0.4337780812970204,0.6512426477684486,0.2913758478760646,0.0134532989468425,5,Ridge-AR
full_benchmark_v1_c96_h24_s2|stock_provided,full_benchmark_v1_c96_h24_s2,c96/h24,96,24,stock_provided,seasonal_naive,1.1398147259788458,0.2695838212966919,0.3519947862266513,0.18108387189395,0.0033688021358102,8,Seasonal
full_benchmark_v1_c96_h24_s2|stock_provided,full_benchmark_v1_c96_h24_s2,c96/h24,96,24,stock_provided,tabpfn_ts,0.7417987212139076,0.2839151124159495,0.4088926966590887,0.1907104350631782,1.6423417350742966,2,TabPFN-TS
full_benchmark_v1_c96_h24_s2|stock_provided,full_benchmark_v1_c96_h24_s2,c96/h24,96,24,stock_provided,xgboost_ar,0.9238167708988756,0.4501752186846746,0.6587120569104182,0.3023900738479771,0.0318795328494161,7,XGBoost
full_benchmark_v1_c96_h24_s2|synthetic_energy,full_benchmark_v1_c96_h24_s2,c96/h24,96,24,synthetic_energy,dummy_mean,11.345596201312125,1.690440838025024,2.050458231964361,4.001959901854514,0.0028412099927663,9,Mean
full_benchmark_v1_c96_h24_s2|synthetic_energy,full_benchmark_v1_c96_h24_s2,c96/h24,96,24,synthetic_energy,hist_gradient_boosting_ar,1.5772852754800226,0.2454331829730992,0.3376972699384463,0.5810400072861499,0.1806300289463251,4,HistGBR
full_benchmark_v1_c96_h24_s2|synthetic_energy,full_benchmark_v1_c96_h24_s2,c96/h24,96,24,synthetic_energy,lightgbm_ar,0.9121292799614282,0.1438361345406495,0.2177791748265575,0.3405185380766986,0.0295550709124654,2,LightGBM
full_benchmark_v1_c96_h24_s2|synthetic_energy,full_benchmark_v1_c96_h24_s2,c96/h24,96,24,synthetic_energy,linear_trend,10.704533119430684,1.599795258991217,1.8568474980484504,3.787365007780907,0.0027321099769324,8,Trend
full_benchmark_v1_c96_h24_s2|synthetic_energy,full_benchmark_v1_c96_h24_s2,c96/h24,96,24,synthetic_energy,moving_average,10.072958021307212,1.5085281390880487,1.730542967114776,3.571298674080076,0.0023864260874688,7,MovingAvg
full_benchmark_v1_c96_h24_s2|synthetic_energy,full_benchmark_v1_c96_h24_s2,c96/h24,96,24,synthetic_energy,ridge_ar,0.1693534259069399,0.0239897610885084,0.0292011315506016,0.0567935060320987,0.0098117068409919,1,Ridge-AR
full_benchmark_v1_c96_h24_s2|synthetic_energy,full_benchmark_v1_c96_h24_s2,c96/h24,96,24,synthetic_energy,seasonal_naive,3.2866178349522888,0.4799999999999997,0.4799999999999998,1.1363549138663969,0.0023798909969627,6,Seasonal
full_benchmark_v1_c96_h24_s2|synthetic_energy,full_benchmark_v1_c96_h24_s2,c96/h24,96,24,synthetic_energy,tabpfn_ts,1.6015114034436932,0.2278015096982312,0.2422373002603246,0.5392986769411852,2.2769011170603335,5,TabPFN-TS
full_benchmark_v1_c96_h24_s2|synthetic_energy,full_benchmark_v1_c96_h24_s2,c96/h24,96,24,synthetic_energy,xgboost_ar,1.0108446941178366,0.1538989272240639,0.2021027013238038,0.3643412545621503,0.0278852549381554,3,XGBoost
full_benchmark_v1_c96_h24_s2|synthetic_exchange,full_benchmark_v1_c96_h24_s2,c96/h24,96,24,synthetic_exchange,dummy_mean,12.340626506005192,0.5915238465113589,0.5982993913760631,12.51486275301768,0.0031405570916831,9,Mean
full_benchmark_v1_c96_h24_s2|synthetic_exchange,full_benchmark_v1_c96_h24_s2,c96/h24,96,24,synthetic_exchange,hist_gradient_boosting_ar,2.5165748434887196,0.1270680260915806,0.1476719600571326,2.6883766668271827,0.1562601120676845,6,HistGBR
full_benchmark_v1_c96_h24_s2|synthetic_exchange,full_benchmark_v1_c96_h24_s2,c96/h24,96,24,synthetic_exchange,lightgbm_ar,2.0597917062893103,0.1043347921184681,0.1266021567950415,2.2074099149647477,0.0300472059752792,4,LightGBM
full_benchmark_v1_c96_h24_s2|synthetic_exchange,full_benchmark_v1_c96_h24_s2,c96/h24,96,24,synthetic_exchange,linear_trend,1.024455628343443,0.0521095602780816,0.0578105316893022,1.1024813265711193,0.0035225800238549,2,Trend
full_benchmark_v1_c96_h24_s2|synthetic_exchange,full_benchmark_v1_c96_h24_s2,c96/h24,96,24,synthetic_exchange,moving_average,4.519183901531875,0.22539571244155,0.2426209552293616,4.768694318852742,0.0032529479358345,7,MovingAvg
full_benchmark_v1_c96_h24_s2|synthetic_exchange,full_benchmark_v1_c96_h24_s2,c96/h24,96,24,synthetic_exchange,ridge_ar,0.0488150359499655,0.0024866877704687,0.0027714902088572,0.0526108226076831,0.0135681158863008,1,Ridge-AR
full_benchmark_v1_c96_h24_s2|synthetic_exchange,full_benchmark_v1_c96_h24_s2,c96/h24,96,24,synthetic_exchange,seasonal_naive,4.535981481845359,0.22539571244155,0.2510726287253871,4.768694318852741,0.003372369101271,8,Seasonal
full_benchmark_v1_c96_h24_s2|synthetic_exchange,full_benchmark_v1_c96_h24_s2,c96/h24,96,24,synthetic_exchange,tabpfn_ts,1.6903180620208946,0.0856702322363999,0.101210800438948,1.8125240508577,1.531672514975071,3,TabPFN-TS
full_benchmark_v1_c96_h24_s2|synthetic_exchange,full_benchmark_v1_c96_h24_s2,c96/h24,96,24,synthetic_exchange,xgboost_ar,2.0862565154832535,0.1056329871968427,0.1251120845212321,2.234875812287941,0.0294652821030467,5,XGBoost
full_benchmark_v1_c96_h24_s2|synthetic_traffic,full_benchmark_v1_c96_h24_s2,c96/h24,96,24,synthetic_traffic,dummy_mean,17.55235881766246,5.684326538480101,6.469280959565965,4.126953244550426,0.0024155690334737,8,Mean
full_benchmark_v1_c96_h24_s2|synthetic_traffic,full_benchmark_v1_c96_h24_s2,c96/h24,96,24,synthetic_traffic,hist_gradient_boosting_ar,8.019634354704328,2.4707494662713856,2.7927897966045774,1.7938215648368354,0.1800025450065732,6,HistGBR
full_benchmark_v1_c96_h24_s2|synthetic_traffic,full_benchmark_v1_c96_h24_s2,c96/h24,96,24,synthetic_traffic,lightgbm_ar,7.60219356703125,2.3536474019010902,2.7067993183188293,1.7088027431303394,0.0303416140377521,5,LightGBM
full_benchmark_v1_c96_h24_s2|synthetic_traffic,full_benchmark_v1_c96_h24_s2,c96/h24,96,24,synthetic_traffic,linear_trend,17.60049573958032,5.709186072537719,6.262227858353571,4.145001844334865,0.0027141850441694,9,Trend
full_benchmark_v1_c96_h24_s2|synthetic_traffic,full_benchmark_v1_c96_h24_s2,c96/h24,96,24,synthetic_traffic,moving_average,16.86714627742726,5.466844017602457,6.0563766944221005,3.969055877273389,0.0024527730420231,7,MovingAvg
full_benchmark_v1_c96_h24_s2|synthetic_traffic,full_benchmark_v1_c96_h24_s2,c96/h24,96,24,synthetic_traffic,ridge_ar,7.128284103887535,2.2204403223462226,2.49069088435146,1.612091305910014,0.0100018980447202,4,Ridge-AR
full_benchmark_v1_c96_h24_s2|synthetic_traffic,full_benchmark_v1_c96_h24_s2,c96/h24,96,24,synthetic_traffic,seasonal_naive,2.360824608645286,0.6836415548963087,0.8262438955451719,0.4963396655680525,0.0024509930517524,2,Seasonal
full_benchmark_v1_c96_h24_s2|synthetic_traffic,full_benchmark_v1_c96_h24_s2,c96/h24,96,24,synthetic_traffic,tabpfn_ts,2.171102764085622,0.6470655225988476,0.7306189831791734,0.4697846156178171,1.806386311072856,1,TabPFN-TS
full_benchmark_v1_c96_h24_s2|synthetic_traffic,full_benchmark_v1_c96_h24_s2,c96/h24,96,24,synthetic_traffic,xgboost_ar,7.009431454043178,2.158898439764518,2.424341173742691,1.5674104681226375,0.0330037279054522,3,XGBoost
full_benchmark_v1_c96_h24_s2|synthetic_weather,full_benchmark_v1_c96_h24_s2,c96/h24,96,24,synthetic_weather,dummy_mean,33.951247294495374,6.814747420785104,6.8289360684284794,52.269367217333624,0.0031402350869029,9,Mean
full_benchmark_v1_c96_h24_s2|synthetic_weather,full_benchmark_v1_c96_h24_s2,c96/h24,96,24,synthetic_weather,hist_gradient_boosting_ar,9.34315542515792,2.0987754642825505,2.1507979193503357,16.097686190792988,0.157353393966332,5,HistGBR
full_benchmark_v1_c96_h24_s2|synthetic_weather,full_benchmark_v1_c96_h24_s2,c96/h24,96,24,synthetic_weather,lightgbm_ar,8.105361036112248,1.8319852211102736,1.8983489902171025,14.05139506225591,0.0296023208647966,4,LightGBM
full_benchmark_v1_c96_h24_s2|synthetic_weather,full_benchmark_v1_c96_h24_s2,c96/h24,96,24,synthetic_weather,linear_trend,13.674769001053392,3.0032472412322857,3.057657910436745,23.035018497916624,0.003415904007852,8,Trend
full_benchmark_v1_c96_h24_s2|synthetic_weather,full_benchmark_v1_c96_h24_s2,c96/h24,96,24,synthetic_weather,moving_average,12.528591544332691,2.77086621763121,2.8055810474117626,21.25264736851897,0.0032145839650183,6,MovingAvg
full_benchmark_v1_c96_h24_s2|synthetic_weather,full_benchmark_v1_c96_h24_s2,c96/h24,96,24,synthetic_weather,ridge_ar,7.750380977690765,1.7266582413755092,2.0347509448157655,13.243533194205224,0.0135699771344661,3,Ridge-AR
full_benchmark_v1_c96_h24_s2|synthetic_weather,full_benchmark_v1_c96_h24_s2,c96/h24,96,24,synthetic_weather,seasonal_naive,12.628393342156416,2.770866217631211,2.9413573154886192,21.25264736851898,0.0033246951643377,7,Seasonal
full_benchmark_v1_c96_h24_s2|synthetic_weather,full_benchmark_v1_c96_h24_s2,c96/h24,96,24,synthetic_weather,tabpfn_ts,2.810370519967184,0.6770885032000997,0.9901604813422544,5.193294105729821,1.6474928110837936,1,TabPFN-TS
full_benchmark_v1_c96_h24_s2|synthetic_weather,full_benchmark_v1_c96_h24_s2,c96/h24,96,24,synthetic_weather,xgboost_ar,4.870321169455371,1.1198988982271465,1.203228556774053,8.589666372547416,0.0310392398387193,2,XGBoost
