model,mean_smape,median_smape,std_smape,avg_rank,median_rank,wins,top3,n,mean_inference_s,overall_order
tabpfn_ts,1.4389401675027365,1.0508654970786684,1.3502108302896596,2.44,2.0,7,19,25,1.6351496984343976,1
lightgbm_ar,2.3851679105399124,1.163256185769178,2.9600006361692994,3.28,3.0,4,13,25,0.021478637512773225,2
ridge_ar,3.5996971644947298,0.702154991506423,7.6588220404048695,3.4,3.0,9,14,25,0.008501411210745524,3
hist_gradient_boosting_ar,2.6353851301629936,1.3102109770402248,3.2030952106473216,3.92,4.0,2,9,25,0.1173197114374488,4
xgboost_ar,2.388141793850419,1.227825152157736,2.761015630168513,4.04,4.0,2,11,25,0.023295316165313076,5
linear_trend,11.210947477575376,10.637875328289011,11.016932329287307,6.48,8.0,1,6,25,0.0028862841892987002,6
moving_average,8.13132554425872,4.663687628220516,6.603381755921182,6.68,7.0,0,0,25,0.002642612205818236,7
seasonal_naive,9.065572235248665,3.1991142987639267,10.988391077240795,6.96,7.0,0,2,25,0.0026869715005158877,8
dummy_mean,13.2761122392645,13.562372436628326,9.283167960146415,7.8,9.0,0,1,25,0.0027630899287759804,9
